url,label
100percentfedup.com,unreliable
1010wins.radio.com,reliable
1011now.com,reliable
10tv.com,reliable
11alive.com,reliable
12minutos.com,unreliable
12news.com,reliable
12newsnow.com,reliable
13abc.com,reliable
13newsnow.com,reliable
13wham.com,reliable
13wmaz.com,reliable
14news.com,reliable
19fortyfive.com,reliable
19thnews.org,reliable
21stcenturywire.com,mixed
247wallst.com,reliable
24aktuelles.com,unreliable
24ur.com,reliable
2ndvote.com,mixed
38north.org,reliable
4029tv.com,reliable
4chan.org,unreliable
5newsonline.com,reliable
604now.com,reliable
6abc.com,reliable
79days.news,unreliable
7news.com.au,mixed
8newsnow.com,reliable
911truth.org,unreliable
972mag.com,reliable
9news.com,reliable
9news.com.au,reliable
aa.com.tr,mixed
aap.com.au,reliable
aapsonline.org,unreliable
aawsat.com/english,mixed
abc.es,reliable
abc.net.au,reliable
abc11.com,reliable
abc12.com,reliable
abc13.com,reliable
abc17news.com,reliable
abc27.com,reliable
abc30.com,reliable
abc3340.com,reliable
abc4.com,reliable
abc6onyourside.com,reliable
abc7amarillo.com,reliable
abc7chicago.com,reliable
abc7news.com,reliable
abc7ny.com,reliable
abcnews.com.co,unreliable
abcnews.go.com,reliable
abcnews4.com,reliable
abcstlouis.com,reliable
abort73.com,mixed
abovethelaw.com,reliable
abovetopsecret.com,unreliable
abqjournal.com,reliable
ac2news.com,reliable
academia.org,mixed
accountable.us,reliable
aceshowbiz.com,mixed
aclj.org,mixed
aclu.org,mixed
acpeds.org,unreliable
acsh.org,reliable
acting-man.com,mixed
actionnews5.com,reliable
actionnewsjax.com,reliable
actionnewsnow.com,reliable
activistmommy.com,unreliable
activistpost.com,unreliable
acton.org,mixed
ad.nl,reliable
adaderana.lk,mixed
additudemag.com,mixed
adelaidenow.com.au,mixed
adflegal.org,unreliable
adfontesmedia.com,reliable
adl.org,reliable
adn.com,reliable
adobochronicles.com,unreliable
advocate.com,reliable
adweek.com,reliable
ae911truth.org,mixed
aei.org,mixed
aeon.co,reliable
afa.net,unreliable
affinitymagazine.us,mixed
afj.org,reliable
afn.net,unreliable
afp.com,reliable
afpc.org,reliable
afr.com,reliable
africacheck.org,reliable
africanarguments.org,reliable
africanews.com,reliable
africanexponent.com,unreliable
aftonbladet.se,mixed
agdaily.com,reliable
ageofautism.com,unreliable
agerpres.ro,reliable
agriculture.com,reliable
agweb.com,reliable
ahtribune.com,unreliable
ahvalnews.com,mixed
aier.org,mixed
aim.org,mixed
aim4truth.org,unreliable
aina.org,mixed
airforcetimes.com,reliable
airwars.org,reliable
aish.com,mixed
ajc.com,reliable
al.com,reliable
alaraby.co.uk,reliable
alaskasnewssource.com,reliable
albawaba.com,mixed
aldianews.com,mixed
alec.org,mixed
aleteia.org,mixed
algemeiner.com,reliable
aljazeera.com,mixed
allafrica.com,reliable
allenbwest.com,unreliable
allenwestrepublic.com,unreliable
allgov.com,reliable
alligator.org,reliable
allnewspipeline.com,unreliable
almasdarnews.com,unreliable
al-monitor.com,reliable
alphanewsmn.com,unreliable
alreporter.com,reliable
alternativenews.com,unreliable
alternet.org,mixed
althealthworks.com,unreliable
altleft.news,unreliable
altnews.in,reliable
altnewsmedia.net,mixed
altoday.com,reliable
amac.us,mixed
amarillo.com,reliable
america.cgtn.com,unreliable
americablog.com,reliable
americafirstpolicy.com,mixed
americamagazine.org,reliable
americanactionforum.org,reliable
americanactionnews.com,unreliable
americanaffairsjournal.org,reliable
americanbridgepac.org,mixed
americanconsequences.com,mixed
americanconservativemovement.com,unreliable
americanexperiment.org,mixed
americanfirearms.org,reliable
americanfreepress.net,unreliable
americangulag.org,unreliable
americanheritage.com,reliable
americanimmigrationcouncil.org,reliable
americanindependent.com,reliable
americanlookout.com,unreliable
americanmilitarynews.com,reliable
americanmind.org,mixed
americanoversight.org,reliable
americanpatriotdaily.com,unreliable
americanpolicy.org,unreliable
americanpressinstitute.org,reliable
americanprinciplesproject.org,unreliable
americanprogress.org,mixed
americanpublicmedia.org,reliable
americanpurpose.com,reliable
americansforprosperity.org,mixed
americanthinker.com,unreliable
americarisingpac.org,mixed
americasfreedomfighters.com,unreliable
americasfrontlinedoctors.com,unreliable
americasquarterly.org,reliable
americasvoice.news,mixed
amestrib.com,reliable
amg-news.com,unreliable
amgreatness.com,mixed
amimagazine.org,reliable
ammoland.com,reliable
amnesty.org,reliable
amny.com,reliable
amren.com,unreliable
amsterdamnews.com,reliable
amtvmedia.com,unreliable
analyzingamerica.org,unreliable
anchoragepress.com,reliable
ancient-code.com,mixed
ancient-origins.net,mixed
andalusiastarnews.com,reliable
angrywhitemen.org,mixed
angusreid.org,reliable
anh-usa.org,mixed
aninews.in,mixed
annistonstar.com,reliable
anonews.co,unreliable
anonhq.com,unreliable
ansa.it,reliable
answersingenesis.org,unreliable
anthropocenemagazine.org,reliable
antiwar.com,reliable
aol.com,reliable
apmreports.org,reliable
apnews.com,reliable
apost.com,mixed
app.com,reliable
apple.com/apple-news,reliable
aptnnews.ca,reliable
arabnews.com,mixed
arcamax.com,reliable
arcdigital.media,reliable
areomagazine.com,reliable
argusleader.com,reliable
arirang.com,reliable
arizonadailyindependent.com,mixed
arkansasonline.com,reliable
arklatexhomepage.com,reliable
arktimes.com,reliable
armscontrol.org,reliable
armstrongeconomics.com,mixed
armytimes.com,reliable
arstechnica.com,reliable
arte.tv,reliable
asahi.com,reliable
asia.nikkei.com,reliable
asianews.it,mixed
asia-pacificresearch.com,mixed
asiasentinel.com,mixed
aspeniaonline.it,reliable
aspeninstitute.org,reliable
aspentimes.com,reliable
aspentimes.com/snowmass,reliable
assassinationscience.com,unreliable
atchisonglobenow.com,reliable
athensmessenger.com,reliable
atimes.com,reliable
atlanta.cbslocal.com,reliable
atlantablackstar.com,reliable
atlanticcouncil.org,reliable
atlasobscura.com,reliable
atmoreadvance.com,reliable
atr.org,mixed
attackthesystem.com,mixed
Attitude.co.uk,unreliable
attn.com,reliable
au.org,reliable
auburnpub.com,reliable
audacy.com,reliable
augustachronicle.com,reliable
austinchronicle.com,reliable
austindailyherald.com,reliable
australiannationalreview.com,unreliable
autismspeaks.org,reliable
autostraddle.com,reliable
avclub.com,reliable
avoiceformen.com,unreliable
awarenessact.com,unreliable
awm.com,unreliable
axios.com,reliable
azcapitoltimes.com,reliable
azcentral.com,reliable
azdailysun.com,reliable
azfamily.com,reliable
babnet.net,mixed
backchannel.com,reliable
backroombuzz.com,unreliable
badgerinstitute.org,mixed
bakersfieldnow.com,reliable
balkaninsight.com,reliable
ballotpedia.org,reliable
baltimore.cbslocal.com,reliable
baltimoresun.com,reliable
bangkokpost.com,mixed
bangordailynews.com,reliable
banned.video,unreliable
baptistnews.com,reliable
barenakedislam.com,unreliable
barrietoday.com,reliable
barrons.com,reliable
batimes.com.ar,reliable
battlecreekenquirer.com,reliable
baxterbulletin.com,reliable
baynature.org,reliable
bb4sp.com,unreliable
bbc.com,reliable
bdnews24.com,unreliable
beaconjournal.com,reliable
bearingarms.com,mixed
beatricedailysun.com,reliable
beckernews.com,unreliable
beforeitsnews.com,unreliable
beholdisrael.org,mixed
beinglibertarian.com,mixed
belfercenter.org,reliable
beliefnet.com,mixed
bellingcat.com,reliable
bellinghamherald.com,reliable
bemidjipioneer.com,reliable
BenjaminFulford.typepad.com,unreliable
benzinga.com,reliable
berkeleyside.com,reliable
berkshireeagle.com,reliable
berliner-zeitung.de,reliable
berlingske.dk,reliable
bestlifeonline.com,reliable
bestnewshere.com,unreliable
bettergov.org,reliable
bgr.com,reliable
bigcountryhomepage.com,reliable
biggovernment.news,unreliable
bigleaguepolitics.com,unreliable
bignewsnetwork.com,reliable
bigthink.com,reliable
bild.de,mixed
billingsgazette.com,reliable
billionbibles.org,unreliable
billmoyers.com,reliable
bing.com,reliable
biography.com,reliable
biologos.org,mixed
bipartisanpolicy.org,reliable
bipartisanreport.com,unreliable
birminghammail.co.uk,reliable
bismarcktribune.com,reliable
bitchmedia.org,reliable
bitchute.com,unreliable
bizpacreview.com,mixed
blabber.buzz,mixed
blackagendareport.com,mixed
blackamericaweb.com,reliable
blackenterprise.com,reliable
blackeyepolitics.com,unreliable
blackgenocide.org,unreliable
blacklistednews.com,mixed
blacklivesmatter.com,mixed
blacknews.com,unreliable
blackpigeonspeaks.com,unreliable
blackpressusa.com,reliable
blckbx.tv,unreliable
bleacherreport.com,reliable
bleepingcomputer.com,reliable
bloomberg.com,reliable
bluelivesmatter.blue,mixed
bluestemprairie.com,reliable
bluntforcetruth.com,unreliable
bnc.tv,reliable
bnd.com,reliable
bnonews.com,reliable
bnr.nl,reliable
boingboing.net,mixed
boldprogressives.org,mixed
bongino.com,unreliable
bonsens.info,unreliable
boomlive.in,reliable
borderreport.com,reliable
bossip.com,unreliable
boston.cbslocal.com,reliable
boston.com,reliable
boston25news.com,reliable
bostonglobe.com,reliable
bostonherald.com,reliable
bostonleader.com,unreliable
bostonreview.net,reliable
boundingintocomics.com,mixed
bozemandailychronicle.com,reliable
bradford-delong.com,reliable
brainerddispatch.com,reliable
bramptonguardian.com,reliable
brandnewtube.com,unreliable
breaking911.com,unreliable
breakingchristiannews.com,unreliable
breakingdefense.com,reliable
breitbart.com,mixed
brennancenter.org,reliable
bridgemi.com,reliable
brighteon.com,unreliable
brightside.me,mixed
bringmethenews.com,reliable
britainfirst.org,unreliable
brookings.edu,reliable
brownstone.org,mixed
brproud.com,reliable
brut.media,reliable
bt.dk,reliable
buffalochronicle.com,unreliable
buffalonews.com,reliable
bugout.news/#,unreliable
bullshido.net,reliable
burnettcountysentinel.com,reliable
business2community.com,reliable
businessinsider.com,reliable
businesslive.co.za,mixed
business-standard.com,reliable
bust.com,reliable
bustle.com,reliable
buzzfeed.com,mixed
buzzfeednews.com,reliable
bylinetimes.com,reliable
c19bromhexine.com,mixed
c19colchicine.com,mixed
c19early.com,mixed
c19nitazoxanide.com,mixed
c19proxalutamide.com,mixed
c19quercetin.com,mixed
c19rmd.com,mixed
c19vitaminc.com,mixed
c2cjournal.ca,reliable
c4ads.org,reliable
c4ss.org,reliable
cagw.org,reliable
cair.com,unreliable
caldronpool.com,unreliable
caledonenterprise.com,reliable
calgary.citynews.ca,reliable
calgaryherald.com,reliable
californiaglobe.com,mixed
caller.com,reliable
cambridgetimes.ca,reliable
campaignforliberty.org,mixed
campaignlifecoalition.com,mixed
campusinsanity.com,unreliable
campusreform.org,mixed
canadafreepress.com,unreliable
canadalandshow.com,reliable
canadiandimension.com,reliable
canadians.org,reliable
cancer.news,unreliable
CannaSOS.com,unreliable
capecodtimes.com,reliable
capecoralbreeze.com,reliable
capitalandmain.com,reliable
capitalgazette.com,reliable
capitalismmagazine.com,reliable
capitalresearch.org,mixed
capitolfax.com,reliable
capoliticalreview.com,reliable
care2.com,mixed
caribbeanlifenews.com,reliable
carm.org,unreliable
carnegieendowment.org,reliable
carolinapublicpress.org,reliable
carrollconews.com,reliable
cartelpress.com,unreliable
castanet.net,reliable
catchnews.com,reliable
catholic.org,mixed
cato.org,reliable
cato.org/regulation,reliable
cbc.ca,reliable
cbpp.org,reliable
cbs12.com,reliable
cbs17.com,reliable
cbs2iowa.com,reliable
cbs42.com,reliable
cbs4indy.com,reliable
cbs4local.com,reliable
cbs6albany.com,reliable
cbs7.com,reliable
cbs8.com,reliable
cbsaustin.com,reliable
cbsnews.com,reliable
cbsnews.com/dfw,reliable
cbsnews.com/pittsburgh,reliable
cc.org,mixed
ccn.com,reliable
cdt.org,reliable
ceasefiremagazine.co.uk,reliable
cecildaily.com,reliable
cecildaily.com/susquehanna_press,reliable
ced.org,reliable
cei.org,unreliable
censor.net,reliable
centerforinquiry.org,reliable
centerforpolitics.org,reliable
centerforsecuritypolicy.org,unreliable
cepr.net,reliable
cernovich.com,unreliable
cfact.org,unreliable
cfr.org,reliable
cftni.org,reliable
cgdev.org,reliable
chalkbeat.org,reliable
change.org,mixed
channel3000.com,reliable
channel4.com/news,reliable
channel45news.com,unreliable
channelnewsasia.com,reliable
charismanews.com,mixed
charitynavigator.org,reliable
charlotteobserver.com,reliable
checkyourfact.com,reliable
cheddar.com,reliable
chicago.cbslocal.com,reliable
chicago.suntimes.com,reliable
chicagoreader.com,reliable
chicagoreporter.com,reliable
chicagotribune.com,reliable
chicksontheright.com,mixed
chicoer.com,reliable
chieftain.com,reliable
childrenshealthdefense.org,unreliable
china.org.cn,mixed
chinaafricaproject.com,reliable
chinadaily.com.cn,mixed
chinadigitaltimes.net,reliable
chinapost.nownews.com,reliable
chinookobserver.com,reliable
christianaction.org,unreliable
christianitytoday.com,reliable
christianpost.com,mixed
christianscience.com,unreliable
christiantoday.com,mixed
chron.com,reliable
chronicle.com,reliable
chroniclesmagazine.org,mixed
churchmilitant.com,unreliable
cincinnati.com,reliable
ciponline.org,reliable
citizen.co.za,reliable
citizen.org,reliable
citizenfreepress.com,mixed
citizensforethics.org,reliable
citizensjournal.us,mixed
citizensunited.org,mixed
citizen-times.com,reliable
citizentruth.org,reliable
cityandstateny.com,reliable
city-journal.org,reliable
citylab.com,reliable
citynews1130.com,reliable
citypages.com,reliable
citypaper.com,reliable
civilbeat.org,reliable
cjnews.com,reliable
cjonline.com,reliable
cjr.org,reliable
claremont.org,mixed
clarionledger.com,reliable
clarionproject.org,unreliable
clashdaily.com,unreliable
cleantechnica.com,reliable
cleveland.com,reliable
cleveland19.com,reliable
click2houston.com,reliable
clickondetroit.com,reliable
clickorlando.com,reliable
climate.news,unreliable
climatechangedispatch.com,unreliable
climatechangenews.com,reliable
climatedepot.com,mixed
climaterealityproject.org,reliable
climatescienceinternational.org,unreliable
climatism.blog,unreliable
cnas.org,reliable
cnbc.com,reliable
cnet.com,reliable
cnn.com,mixed
cnnsofake.news,unreliable
cnoticias.net,unreliable
cnsnews.com,unreliable
cnycentral.com,reliable
coasttocoastam.com,unreliable
codepink.org,mixed
coed.com,reliable
collapse.news,unreliable
collective-evolution.com,unreliable
colombiareports.com,mixed
coloradoan.com,reliable
coloradosun.com,reliable
colorlines.com,reliable
columbiadailyherald.com,reliable
columbian.com,reliable
columbusfreepress.com,mixed
columbustelegram.com,reliable
comicsands.com,mixed
commentarymagazine.com,reliable
commercialappeal.com,reliable
commoncause.org,reliable
commondreams.org,reliable
commonwealmagazine.org,reliable
commonwealthfund.org,reliable
communemag.com,mixed
communityimpact.com,reliable
complex.com,reliable
concealednation.org,unreliable
concernedwomen.org,unreliable
concordmonitor.com,reliable
congress.gov,reliable
consciouslifenews.com,mixed
conservapedia.com,unreliable
conservative.org,mixed
conservativebrief.com,reliable
conservativebyte.com,unreliable
conservativedailynews.com,unreliable
conservativedailypost.com,unreliable
conservativefighters.co,mixed
conservativefiringline.com,unreliable
conservativefreepress.com,unreliable
conservativehome.com,reliable
conservativehq.com,mixed
conservativeinstitute.org,reliable
conservativepapers.com,unreliable
conservativeplaylist.com,unreliable
conservativepost.com,unreliable
conservativereview.com,mixed
conservativetribune.com,unreliable
conservativewoman.co.uk,mixed
consortiumnews.com,reliable
conspiracydailyupdate.com,unreliable
constative.com,mixed
constitution.com,reliable
constitutioncenter.org,reliable
constitutionproject.org,reliable
consumerreports.org,reliable
consumerwellness.org,unreliable
cookpolitical.com,reliable
copblock.org,mixed
corbettreport.com,unreliable
corona-transition.org,unreliable
coronavirus.gov,reliable
corriere.it,reliable
cosmicintelligenceagency.com,unreliable
cosmopolitan.com,mixed
countable.us,reliable
countercurrents.org,reliable
counterpunch.org,reliable
counterthink.com,unreliable
counton2.com,reliable
countryliving.com,reliable
courant.com,reliable
courier-journal.com,reliable
couriermail.com.au,reliable
couriernews.com,reliable
courierpress.com,reliable
courier-tribune.com,reliable
courthousenews.com,reliable
courttv.com,reliable
covid19criticalcare.com,unreliable
covidtracking.com,reliable
cp24.com,reliable
cpac.ca,reliable
cpi.org,reliable
cpj.org,reliable
craigdailypress.com,reliable
crainscleveland.com,reliable
crainsdetroit.com,reliable
creation.com,unreliable
creationwiki.org,unreliable
crfb.org,reliable
crikey.com.au,reliable
crimeresearch.org,mixed
crimethinc.com,reliable
crisisgroup.org,reliable
crisismagazine.com,mixed
crooked.com,reliable
crooksandliars.com,reliable
crosscut.com,reliable
crossroadstoday.com,reliable
cruxnow.com,reliable
csglobe.com,unreliable
csis.org,reliable
csmonitor.com,reliable
c-span.org,reliable
c-span.org/series/?washingtonjournal,reliable
ctj.org,reliable
ctmirror.org,reliable
ctpost.com,reliable
ctvnews.ca,reliable
cullmantimes.com,reliable
cumberlink.com,reliable
curiousmindmagazine.com,unreliable
currentaffairs.org,reliable
curvemag.com,reliable
cw33.com,reliable
cw39.com,reliable
dagospia.com,unreliable
daily.jstor.org,reliable
daily49er.com,reliable
dailyadvocate.com,reliable
dailybulletin.com,reliable
dailybusinessreview.com,reliable
dailycaller.com,mixed
dailycamera.com,reliable
daily-chronicle.com,reliable
dailyclimate.org,reliable
dailycommercial.com,reliable
dailycurrant.com,unreliable
dailydot.com,reliable
dailyexpose.co.uk,unreliable
dailygazette.com,reliable
dailygrail.com,mixed
dailyheadlines.net,unreliable
dailyhealthpost.com,unreliable
dailyherald.com,reliable
dailyhive.com,reliable
daily-journal.com,reliable
dailyjournal.net,reliable
dailyjournalonline.com,reliable
dailykos.com,mixed
dailymail.co.uk,unreliable
dailymaverick.co.za,reliable
dailynews.com,reliable
dailynewsbin.com,mixed
dailynorthwestern.com,reliable
dailyo.in,mixed
dailypoliticalnewswire.com,unreliable
dailypost.ng,unreliable
dailypress.com,reliable
dailyprogress.com,reliable
dailyreckoning.com,mixed
dailyrecord.co.uk,reliable
dailyrecord.com,reliable
dailysceptic.org,unreliable
dailysignal.com,reliable
dailysoundandfury.com,mixed
dailystar.co.uk,unreliable
dailystormer.com,unreliable
dailystormer.name,unreliable
daily-sun.com,unreliable
dailysurge.com,unreliable
dailytarheel.com,reliable
dailytelegraph.com.au,mixed
dailytorch.com,reliable
dailywire.com,mixed
dallasnews.com,reliable
dallasvoice.com,reliable
daltondailycitizen.com,reliable
darientimes.com,reliable
darkjournalist.com,unreliable
davidharrisjr.com,unreliable
davidicke.com,unreliable
davidwolfe.com,mixed
dawn.com,reliable
dayton247now.com,reliable
daytondailynews.com,reliable
dcclothesline.com,unreliable
dcdirtylaundry.com,unreliable
dcist.com,reliable
dcreport.org,reliable
de.rt.com,unreliable
deadline.com,reliable
deadspin.com,reliable
deadstate.org,reliable
debka.com,unreliable
debunkingdenialism.com,reliable
deccanchronicle.com,reliable
deccanherald.com,mixed
defconwarningsystem.com,reliable
defenddemocracy.org,reliable
defendingtherepublic.org,unreliable
defensenews.com,reliable
defenseone.com,reliable
defiantamerica.com,unreliable
defund.com,unreliable
delawareonline.com,reliable
delgazette.com,reliable
delo.si,reliable
deltanews.tv,reliable
deltanews.tv/wnbd,reliable
democracy21.org,reliable
democracychronicles.org,reliable
democracyjournal.org,reliable
democracynow.org,reliable
democratandchronicle.com,reliable
democratherald.com,reliable
DemocraticUnderground.com,mixed
democrats.org,unreliable
demos.org,reliable
dennismichaellynch.com,unreliable
dentonrc.com,reliable
denver.cbslocal.com,reliable
denvergazette.com,reliable
denverpost.com,reliable
derstandard.at,reliable
deseretnews.com,reliable
desertsun.com,reliable
deshabhimani.com,mixed
desmogblog.com,reliable
desmoinesregister.com,reliable
detik.com,reliable
detroit.cbslocal.com,reliable
detroitnews.com,reliable
deutschland.de,reliable
diamondandsilkinc.com,unreliable
diepresse.com,reliable
differencebetween.net,reliable
digg.com,reliable
digi24.ro,reliable
digitaljournal.com,reliable
diply.com,mixed
disclose.tv,unreliable
discoverthenetworks.org,unreliable
discovery.org,unreliable
disobedientmedia.com,mixed
dispatch.com,reliable
disrn.com,mixed
dissentmagazine.org,reliable
diversityinc.com,reliable
djhjmedia.com,unreliable
dmagazine.com,reliable
dmlnews.com,mixed
dn.se,reliable
dnj.com,reliable
dnyuz.com,unreliable
doctoroz.com,mixed
doctors4covidethics.org,unreliable
doctorswithoutborders.org,reliable
dominionpost.com,reliable
donaldjtrump.com,unreliable
dothaneagle.com,reliable
downsizinggovernment.org,reliable
downtrend.com,unreliable
dpa-international.com,reliable
draxe.com,mixed
drnorthrup.com,unreliable
drudge.com,mixed
drudgereport.com,mixed
duluthnewstribune.com,reliable
durangoherald.com,reliable
durhamregion.com/clarington-on,reliable
dutchreview.com,reliable
dw.com,reliable
eaglerising.com,unreliable
eagletribune.com,reliable
earth.columbia.edu,reliable
earthfirstjournal.org,mixed
earthjustice.org,reliable
earthpulse.com,unreliable
eastbaytimes.com,reliable
eastidahonews.com,reliable
eatthis.com,reliable
ebar.com,reliable
ecfr.eu,reliable
ecology.news,unreliable
econlib.org,reliable
econofact.org,reliable
economicpolicyjournal.com,reliable
economicshelp.org,reliable
economictimes.indiatimes.com,unreliable
economist.com,reliable
ecowatch.com,reliable
ecuavisa.com,mixed
edmonton.citynews.ca,reliable
edmontonexaminer.com,reliable
edmontonjournal.com,reliable
edmontonsun.com,reliable
edp24.co.uk,reliable
educateinspirechange.org,mixed
educate-yourself.org,unreliable
eff.org,reliable
egbertowillies.com,reliable
egyptianstreets.com,mixed
egypttoday.com,mixed
ejinsight.com,mixed
ekirikas.com,mixed
eldiario.es,reliable
eldiariony.com,reliable
electoral-vote.com,reliable
electronicintifada.net,reliable
electroverse.net,unreliable
elitedaily.com,mixed
elkharttruth.com,reliable
elkodaily.com,reliable
elle.com,reliable
elmundo.es,reliable
elnuevodia.com,reliable
elpais.com,reliable
elpasotimes.com,reliable
eluniverso.com,reliable
eluxemagazine.com,mixed
emerging-europe.com,reliable
emirates247.com,unreliable
empirenews.net,unreliable
empiresports.co,unreliable
emptywheel.net,reliable
en.granma.cu,unreliable
en.hawarnews.com,unreliable
en.mediamass.net,unreliable
en.mehrnews.com,unreliable
en.mercopress.com,mixed
en.metapedia.org,unreliable
en.newsner.com,unreliable
en.protothema.gr,mixed
en.radiovaticana.va,unreliable
en.wikinews.org,reliable
en.yna.co.kr,reliable
en-bref.fr,unreliable
endingthefed.com,unreliable
endoftheamericandream.com,unreliable
endtimeheadlines.org,unreliable
energycitizens.org,mixed
enewscourier.com,reliable
engadget.com,reliable
english.ahram.org.eg,mixed
english.alarabiya.net,mixed
english.almanar.com.lb,mixed
english.cctv.com,mixed
english.chosun.com,mixed
entrepreneur.com,reliable
en-volve.com,unreliable
epi.org,reliable
eppc.org,reliable
erlc.com,mixed
escapeallthesethings.com,unreliable
espn.com,reliable
esquire.com,mixed
eugenics.news,unreliable
euobserver.com,reliable
euractiv.com,reliable
eurasiagroup.net,reliable
eurasiareview.com,reliable
euromaidanpress.com,reliable
euronews.com,reliable
europereloaded.com,unreliable
eutimes.net,mixed
everycrsreport.com,reliable
everydayfeminism.com,mixed
everytown.org,unreliable
evil.news,unreliable
evolutionnews.org,unreliable
evonomics.com,reliable
ew.com,reliable
ewg.org,mixed
express.co.uk,mixed
expressen.se,reliable
extranewsfeed.com,reliable
fabiosa.com,mixed
facebook.com/conservativepoliticstoday,unreliable
facebook.com/news,reliable
facebook.com/womensrightsnews,unreliable
factcheck.org,reliable
factcheckingturkey.com,unreliable
factmyth.com,reliable
factsandlogic.org,mixed
fair.org,reliable
fairborndailyherald.com,reliable
fairobserver.com,reliable
fairus.org,unreliable
fairvote.org,reliable
faithit.com,mixed
faithwire.com,mixed
fakehatecrimes.org,mixed
farleftwatch.com,mixed
fastcompany.com,reliable
fayobserver.com,reliable
faz.net,reliable
fbherald.com,reliable
federalnewsnetwork.com,reliable
federaltimes.com,reliable
fedsoc.org,mixed
fee.org,mixed
fellowshipoftheminds.com,unreliable
feministcurrent.com,mixed
feministfrequency.com,reliable
feministing.com,mixed
ff.org,mixed
ff911truthandunity.org,mixed
fff.org,mixed
ffrf.org,mixed
fifthestate.org,reliable
fightforthefuture.org,reliable
filmingcops.com,mixed
financialexpress.com,mixed
financialpost.com,reliable
firearmsnews.com,reliable
firstcoastnews.com,reliable
firstdraftnews.org,reliable
firstinfreedomdaily.com,mixed
FirstPost.com,reliable
firstthings.com,mixed
fitchratings.com,reliable
fitsnews.com,reliable
fivethirtyeight.com,reliable
fl24.net,mixed
flagandcross.com,unreliable
floridapolitics.com,reliable
focusonthefamily.com,unreliable
focustaiwan.tw,reliable
followthemoney.org,reliable
food.news,unreliable
foodandwaterwatch.org,mixed
foodbabe.com,mixed
foodmatters.com,mixed
foodnavigator.com,reliable
fool.com,reliable
forbes.com,reliable
foreignaffairs.com,reliable
foreignpolicy.com,reliable
foreignpolicyi.org,unreliable
foreignpolicyjournal.com,mixed
foreignpolicynews.org,mixed
foreverconscious.com,unreliable
fortnightlyreview.co.uk,reliable
fortune.com,reliable
forward.com,reliable
fosters.com,reliable
fourstateshomepage.com,reliable
fox10tv.com,reliable
fox11online.com,reliable
fox13memphis.com,reliable
fox16.com,reliable
fox17.com,reliable
fox19.com,reliable
fox21news.com,reliable
fox23.com,reliable
fox23maine.com,reliable
fox28media.com,reliable
fox29.com,reliable
fox2now.com,reliable
fox35orlando.com,reliable
fox40.com,reliable
fox42kptm.com,reliable
fox43.com,reliable
fox44news.com,reliable
fox46.com,reliable
fox47.com,reliable
fox4beaumont.com,reliable
fox4kc.com,reliable
fox56.com,reliable
fox59.com,reliable
fox5sandiego.com,reliable
fox61.com,reliable
fox8.com,reliable
fox8live.com,reliable
foxbaltimore.com,reliable
foxbusiness.com,reliable
foxcarolina.com,reliable
foxillinois.com,reliable
foxlexington.com,reliable
foxnews.com,mixed
foxreno.com,reliable
foxsanantonio.com,reliable
fpif.org,reliable
fpri.org,reliable
fr.sputniknews.com,unreliable
france24.com,reliable
francetvinfo.fr,reliable
franklinnews.org,mixed
frankspeech.com,unreliable
fraserinstitute.org,mixed
frc.org,unreliable
freakonomics.com,reliable
fredericksburg.com,reliable
freebeacon.com,mixed
freedomadvocates.org,unreliable
freedomainradio.com,unreliable
freedomalliance.org,reliable
freedomandprosperity.org,mixed
freedomdaily.com,unreliable
freedomfirstnetwork.com,unreliable
freedomhouse.org,reliable
freedomnews.org.uk,reliable
freedomproject.com,unreliable
freedomsfinalstand.com,unreliable
freedomworks.org,mixed
freemanjournal.net,reliable
freemedia.at,reliable
freep.com,reliable
freepress.org,reliable
FreeRepublic.com,mixed
freespeech.org,mixed
freewestmedia.com,mixed
freeworldnews.tv,unreliable
fremonttribune.com,reliable
fresnobee.com,reliable
friatider.se,unreliable
friendsofscience.org,mixed
friendsofsyria.wordpress.com,unreliable
fromthetrenchesworldreport.com,unreliable
front.moveon.org,unreliable
frontiersman.com,reliable
frontpagelive.com,reliable
frontpagemag.com,unreliable
ft.com,reliable
fullfact.org,reliable
fusion.net,reliable
fwweekly.com,reliable
gadsdentimes.com,reliable
g-a-i.org,mixed
gaia.com,unreliable
gainesville.com,reliable
gallup.com,reliable
galvnews.com,reliable
gao.gov,reliable
gatestoneinstitute.org,unreliable
gawker.com,mixed
gaycitynews.com,reliable
gaystarnews.com,mixed
gazette.com,reliable
gazettenet.com,reliable
gazettetimes.com,reliable
geek.com,reliable
gender.news,unreliable
geo.tv,mixed
geoengineering.news,unreliable
geoengineeringwatch.org,unreliable
geologyin.com,unreliable
geopolitics.co,mixed
geopoliticsalert.com,mixed
getholistichealth.com,unreliable
getreligion.org,reliable
gettr.com,unreliable
ghionjournal.com,reliable
girlsjustwannahaveguns.com,unreliable
givemeliberty01.com,unreliable
gizmodo.com,reliable
glaad.org,reliable
glamour.com,reliable
glitch.news,unreliable
globalcitizen.org,reliable
globalintegrity.org,reliable
globalnews.ca,reliable
globalresearch.ca,unreliable
globalriskinsights.com,reliable
globalskywatch.com,unreliable
globalslaveryindex.org,reliable
globaltimes.cn,mixed
globalvoices.org,reliable
globegazette.com,reliable
globemagazine.com,unreliable
gmanetwork.com,mixed
gmwatch.org,mixed
gnews.org,unreliable
godandscience.org,unreliable
godanriver.com,reliable
godfatherpolitics.com,unreliable
godlikeproductions.com,unreliable
goerie.com,reliable
good.is,reliable
goodgopher.com,unreliable
goodmenproject.com,reliable
goodnewsnetwork.org,reliable
goodsciencing.com,unreliable
goop.com,unreliable
gop.com,unreliable
gop.gov,unreliable
gopthedailydose.com,unreliable
gopusa.com,reliable
gothamist.com,reliable
gotnews.com,unreliable
gotquestions.org,unreliable
governing.com,reliable
govexec.com,reliable
govtrack.us,reliable
govtslaves.com,unreliable
gp.se,reliable
gq.com,reliable
greanvillepost.com,mixed
greatamericandaily.com,unreliable
greatamericanrepublic.com,unreliable
greatfallstribune.com,reliable
greatreject.org,unreliable
greeleytribune.com,reliable
greenbaypressgazette.com,reliable
greenfieldreporter.com,reliable
greenleft.org.au,mixed
greenmedinfo.com,unreliable
greenpeace.org,mixed
greensboro.com,reliable
greenvilleonline.com,reliable
grid.news,reliable
grist.org,reliable
gritpost.com,reliable
ground.news,reliable
group30.org,reliable
guampdn.com,reliable
guardianlv.com,reliable
guardonline.com,reliable
guelphmercury.com,reliable
gulagbound.com,unreliable
gulfnews.com,unreliable
guns.com,reliable
gunviolencearchive.org,reliable
guttmacher.org,reliable
haaretz.com,reliable
haarp.net,unreliable
halifax.citynews.ca,reliable
halturnershow.com,unreliable
hanfordsentinel.com,reliable
hangthebankers.com,unreliable
hannity.com,unreliable
harpers.org,reliable
harpersbazaar.com,reliable
harvardpolitics.com,reliable
hastingstribune.com,reliable
hawaiinewsnow.com,reliable
hawaiitribune-herald.com,reliable
hbr.org,reliable
hcn.org,reliable
headtopics.com,unreliable
healingfoodreference.com,unreliable
healingoracle.ch,unreliable
health.com,mixed
health.news,unreliable
healthcarefinancenews.com,reliable
healthimpactnews.com,unreliable
healthnutnews.com,unreliable
healthranger.com,unreliable
healthrangerreport.com,unreliable
healthyandnaturalworld.com,mixed
healthyfoodhouse.com,unreliable
healthy-holistic-living.com,unreliable
healthyway.com,reliable
heartland.org,unreliable
heatst.com,unreliable
heavy.com,reliable
hechingerreport.org,reliable
helenair.com,reliable
helsinkitimes.fi,reliable
heraldcourier.com,reliable
herald-dispatch.com,reliable
heraldnet.com,reliable
heraldnews.com,reliable
heraldonline.com,reliable
herald-review.com,reliable
heraldscotland.com,reliable
heraldsun.com,reliable
heraldsun.com.au,reliable
heraldtribune.com,reliable
herb.co,mixed
herbreference.com,unreliable
heritage.org,mixed
hermancain.com,mixed
heterodoxacademy.org,reliable
hickoryrecord.com,reliable
hidesertstar.com,reliable
HigherPerspectives.com,mixed
highline.huffingtonpost.com,reliable
hightimes.com,mixed
hillreporter.com,reliable
hilltimes.com,reliable
hindustantimes.com,mixed
historynewsnetwork.org,reliable
hitc.com,reliable
hjnews.com,reliable
hjnews.com/preston,reliable
hk.appledaily.com,reliable
hln.be,reliable
hoggwatch.com,unreliable
hollywoodreporter.com,reliable
home.nra.org,unreliable
homelandsecuritynewswire.com,reliable
honestreporting.com,reliable
hoover.org,reliable
host.madison.com,reliable
hotair.com,reliable
hotnews.ro,reliable
house.gov,reliable
howstuffworks.com,reliable
howtogeek.com,reliable
hpenews.com,reliable
hrc.org,reliable
hrw.org,reliable
hs.fi,reliable
hsionline.com,unreliable
hudson.org,reliable
huffingtonpost.com,mixed
humanevents.com,mixed
humanium.org,reliable
humanprogress.org,reliable
humansarefree.com,unreliable
hurriyet.com.tr,mixed
hurriyetdailynews.com,mixed
hutchnews.com,reliable
huzlers.com,unreliable
i24news.tv,reliable
ibtimes.com,mixed
iceagenow.info,unreliable
icenews.is,reliable
icij.org,reliable
icr.org,unreliable
icrw.org,reliable
idahopress.com,reliable
idahopress.com/kuna,reliable
idahostatejournal.com,reliable
idahostatesman.com,reliable
iea.org,reliable
iefimerida.gr,mixed
ifamericaknew.org,reliable
iflscience.com,reliable
ifstudies.org,mixed
iharare.com,mixed
ihatethemedia.com,unreliable
ihavethetruth.com,unreliable
ihealthtube.com,unreliable
iheartintelligence.com,mixed
ihr.org,unreliable
ijr.org,reliable
ilgiornale.it,reliable
illegalaliencrimereport.com,unreliable
illicitinfo.com,unreliable
illinoispolicy.org,reliable
illuminatiwatcher.com,unreliable
ilovemyfreedom.org,unreliable
imediaethics.org,reliable
imeu.org,reliable
imprimis.hillsdale.edu,mixed
impulsetoday.com,unreliable
inc.com,reliable
independent.co.uk,mixed
independent.com,reliable
independent.ie,reliable
independent.org,reliable
independentaustralia.net,reliable
independentmail.com,reliable
IndependentMinute.com,unreliable
independentsciencenews.org,mixed
independentsentinel.com,unreliable
independenttribune.com,reliable
index.hr,reliable
indexmundi.com,reliable
india.com,reliable
indianexpress.com,mixed
IndiaTimes.com,mixed
indiatoday.in,mixed
indiatvnews.com,reliable
indypendent.org,reliable
indystar.com,reliable
inews.co.uk,reliable
infiniteunknown.net,unreliable
influencewatch.org,reliable
infobae.com,reliable
infogalactic.com,unreliable
informationclearinghouse.info,mixed
informationliberation.com,unreliable
informer.rs,mixed
inforum.com,reliable
infowars.com,unreliable
ingredients.news,unreliable
inhomelandsecurity.com,reliable
innerstrength.zone,unreliable
inquirer.com,reliable
inquirer.net,reliable
inquisitr.com,mixed
insideclimatenews.org,reliable
insideedition.com,reliable
insidehalton.com/burlington-on,reliable
insidehighered.com,reliable
insideottawavalley.com/arnprior-on,reliable
insideottawavalley.com/carletonplace-on,reliable
insidephilanthropy.com,reliable
insider.com,reliable
instituteforgovernment.org.uk,reliable
intellectualtakeout.org,reliable
intellihub.com,unreliable
interfax.ru,mixed
internationalviewpoint.org,mixed
interpretermag.com,reliable
inthesetimes.com,reliable
intpolicydigest.org,reliable
intrepidreport.com,mixed
inverse.com,reliable
investing.com,mixed
investmentwatchblog.com,mixed
investopedia.com,reliable
investors.com,mixed
investortimes.com,reliable
iotwreport.com,unreliable
iowacapitaldispatch.com,reliable
iowaclimate.org,unreliable
iowastartingline.com,reliable
ipatriot.com,mixed
ipolitics.ca,reliable
ips-dc.org,reliable
ipsos.com,reliable
ire.org,reliable
irishexaminer.com,reliable
irishtimes.com,reliable
irrawaddy.com,reliable
israel21c.org,reliable
israel365news.com,mixed
israelhayom.com,reliable
israelislamandendtimes.com,unreliable
israelnationalnews.com,mixed
issuesinsights.com,mixed
it.sputniknews.com,unreliable
itep.org,reliable
itsgoingdown.org,mixed
itv.com,reliable
ivn.us,reliable
iwf.org,reliable
iwpr.org,reliable
jacksonfreepress.com,reliable
jacksonsun.com,reliable
jacksonville.com,reliable
jacobinmag.com,reliable
jalopnik.com,reliable
jamestown.org,reliable
janes.com,reliable
japantimes.co.jp,reliable
japantoday.com,reliable
jconline.com,reliable
jesusdaily.com,unreliable
jesus-is-savior.com,unreliable
jewishbreakingnews.com,mixed
jewishjournal.com,reliable
jewishpolicycenter.org,reliable
jewishpress.com,reliable
jewishworldreview.com,mixed
JewsNews.co.il,unreliable
jezebel.com,reliable
jihadica.com,reliable
jns.org,reliable
joebiden.com,reliable
joebiden.news,unreliable
joeforamerica.com,unreliable
joerogan.com,mixed
join1440.com,reliable
jointcenter.org,reliable
jordantimes.com,mixed
journaldemontreal.com,reliable
journalgazette.net,reliable
journal-neo.org,unreliable
journal-news.net,reliable
journalnow.com,reliable
journals.cambridge.org,reliable
journalstandard.com,reliable
journalstar.com,reliable
jpost.com/jerusalem-report,reliable
jsonline.com,reliable
jta.org,reliable
juancole.com,reliable
judicialnetwork.com,mixed
judicialwatch.org,unreliable
judithcurry.com,mixed
junkscience.com,unreliable
justfacts.com,reliable
justfactsdaily.com,mixed
justicedenied.org,reliable
justsecurity.org,reliable
justthefacts.org,unreliable
kadn.com,reliable
kagstv.com,reliable
kait8.com,reliable
kalb.com,reliable
kansas.com,reliable
kansascity.com,reliable
kansaspolicy.org,mixed
kare11.com,reliable
kark.com,reliable
katehon.com,unreliable
katu.com,reliable
katv.com,reliable
kbjr6.com,reliable
kbtx.com,reliable
kcbd.com,reliable
kcby.com,reliable
kcci.com,reliable
kcentv.com,reliable
kcna.kp,unreliable
kcra.com,reliable
kctv5.com,reliable
kdrv.com,reliable
kdvr.com,reliable
kearneyhub.com,reliable
keloland.com,reliable
kenoshanews.com,reliable
kens5.com,reliable
kentucky.com,reliable
keprtv.com,reliable
kesq.com,reliable
ketk.com,reliable
ketv.com,reliable
keysnews.com,reliable
keyt.com,reliable
kezi.com,reliable
kfdm.com,reliable
kff.org,reliable
kfor.com,reliable
kfoxtv.com,reliable
kfvs12.com,reliable
kgns.tv,reliable
kgw.com,reliable
khaleejtimes.com,mixed
khn.org,reliable
khon2.com,reliable
khou.com,reliable
khqa.com,reliable
kiem-tv.com,reliable
kimatv.com,reliable
kimt.com,reliable
kiplinger.com,reliable
kiro7.com,reliable
kitchener.citynews.ca,reliable
kitv.com,reliable
kivitv.com,reliable
kktv.com,reliable
klewtv.com,reliable
kltv.com,reliable
kmbc.com,reliable
kmov.com,reliable
kmph.com,reliable
knewz.com,reliable
knightfoundation.org,reliable
knoe.com,reliable
knopnews2.com,reliable
knowherenews.com,reliable
knowyourmeme.com,reliable
knoxnews.com,reliable
koaa.com,reliable
koamnewsnow.com,reliable
koat.com,reliable
koco.com,reliable
koin.com,reliable
kold.com,reliable
kolotv.com,reliable
komonews.com,reliable
kompas.com,reliable
koreaherald.com,reliable
koreatimes.co.kr,reliable
kotaku.com,reliable
kpic.com,reliable
kplctv.com,reliable
kptv.com,reliable
kpvi.com,reliable
kqed.org,reliable
krcgtv.com,reliable
krdo.com,reliable
kristv.com,reliable
kron4.com,reliable
krone.at,reliable
krqe.com,reliable
ksat.com,reliable
ksbw.com,reliable
ksdk.com,reliable
ksl.com,reliable
ksla.com,reliable
ksn.com,reliable
ksnblocal4.com,reliable
kstp.com,reliable
kswo.com,reliable
ktiv.com,reliable
ktla.com,reliable
ktre.com,reliable
ktsm.com,reliable
ktul.com,reliable
ktuu.com,reliable
ktva.com,reliable
ktvl.com,reliable
ktvq.com,reliable
ktvu.com,reliable
kuow.org,reliable
kurdistan24.net,mixed
kutv.com,reliable
kvia.com,reliable
kwch.com,reliable
kwqc.com,reliable
kwtx.com,reliable
kxan.com,reliable
kxii.com,reliable
kxlf.com,reliable
kxly.com,reliable
kxxv.com,reliable
ky3.com,reliable
kyivindependent.com,reliable
kyivpost.com,mixed
kyma.com,reliable
laconiadailysun.com,reliable
ladbible.com,unreliable
ladepeche.fr,reliable
lahainanews.com,reliable
lajuntatribunedemocrat.com,reliable
lalibre.be,reliable
lamag.com,reliable
lancasteronline.com,reliable
lansingstatejournal.com,reliable
lapresse.ca,reliable
larouchepac.com,unreliable
lastampa.it,reliable
lastresistance.com,unreliable
lasvegassun.com,reliable
latimes.com,reliable
latintimes.com,reliable
latitudes.org,mixed
lavendermagazine.com,reliable
law.com,reliable
law360.com,reliable
lawandcrime.com,reliable
laweekly.com,mixed
lawenforcementtoday.com,mixed
lawfareblog.com,reliable
lawliberty.org,reliable
lbc.co.uk,mixed
lcsun-news.com,reliable
ldnews.com,reliable
leaderpost.com,reliable
leadertelegram.com,reliable
leadstories.com,reliable
learnliberty.org,reliable
learntherisk.org,unreliable
leavenworthtimes.com,reliable
lebanon-express.com,reliable
ledevoir.com,reliable
lefigaro.fr,reliable
leftcult.com,unreliable
leftexposed.org,unreliable
leftfootforward.org,mixed
leftjustified.com,mixed
leftvoice.org,mixed
legalinsurrection.com,reliable
legitgov.org,mixed
lehighvalleylive.com,reliable
leicestermercury.co.uk,reliable
lemonde.fr,reliable
lesmoutonsrebelles.com,unreliable
lesoir.be,reliable
lethbridgeherald.com,reliable
levernews.com,reliable
lewrockwell.com,unreliable
lexch.com,reliable
lexingtoninstitute.org,reliable
lfpress.com,reliable
lgbtqnation.com,reliable
libcom.org,reliable
liberationnews.org,reliable
libertarianism.org,reliable
liberty.news,unreliable
libertyalliance.com,unreliable
libertyhangout.org,unreliable
libertyheadlines.com,mixed
libertynation.com,mixed
libertynews.com,reliable
libertytalk.fm,unreliable
libtards.news,unreliable
lifehacker.com,reliable
lifenews.com,unreliable
lifesitenews.com,unreliable
lifespa.com,unreliable
lifezette.com,mixed
lincolncourier.com,reliable
lincolnproject.us,mixed
lindelltv.com,unreliable
listverse.com,reliable
littlegreenfootballs.com,reliable
littlethings.com,mixed
live5news.com,reliable
liveaction.org,mixed
liveleak.com,mixed
livemint.com,mixed
livestrong.com,mixed
liveuamap.com,reliable
livingwhole.org,mixed
ljworld.com,reliable
lmtonline.com,reliable
local12.com,reliable
local21news.com,reliable
localdvm.com,reliable
localmemphis.com,reliable
localnews8.com,reliable
localsyr.com,reliable
logically.ai,reliable
lohud.com,reliable
lompocrecord.com,reliable
longwarjournal.org,reliable
losangeles.cbslocal.com,reliable
louderwithcrowder.com,mixed
lovelycitizen.com,reliable
lubbockonline.com,reliable
lucianne.com,unreliable
m24.ru,mixed
MacedoniaOnline.eu,unreliable
mackinac.org,reliable
macleans.ca,reliable
macon.com,reliable
madworldnews.com,unreliable
magazine.atavist.com,reliable
magicvalley.com,reliable
mainebeacon.com,reliable
mainerepublicemailalert.com,unreliable
mainichi.jp,reliable
makeuseof.com,reliable
malaymail.com,reliable
malaysiakini.com,reliable
malaysia-today.net,mixed
manhattan-institute.org,mixed
manilatimes.net,mixed
maplight.org,reliable
marginalrevolution.com,reliable
mariettatimes.com,reliable
marketwatch.com,reliable
martinsvillebulletin.com,reliable
marxist.com,reliable
mashable.com,reliable
masslive.com,reliable
mauinews.com,reliable
mb.com.ph,mixed
mcall.com,reliable
mcclatchydc.com,reliable
mcdonoughvoice.com,reliable
mcdowellnews.com,reliable
meaww.com,mixed
mediaequalizer.com,mixed
mediafactwatch.com,unreliable
mediaite.com,reliable
mediamass.net,unreliable
mediamatters.org,reliable
mediapart.fr,reliable
mediapost.com,reliable
mediarightnews.com,reliable
mediaroots.org,mixed
medicaldaily.com,mixed
medicalkidnap.com,unreliable
medicalmedium.com,unreliable
medicine.news,unreliable
medium.com,mixed
meduza.io,reliable
meforum.org,unreliable
meidastouch.com,mixed
memeorandum.com,mixed
memepoliceman.com,reliable
memri.org,unreliable
menshealth.com,reliable
mentalfloss.com,reliable
mercatornet.com,mixed
mercatus.org,reliable
mercola.com,unreliable
mercurynews.com,reliable
merionwest.com,reliable
merryjane.com,mixed
messengernews.net,reliable
metabunk.org,reliable
metro.co.uk,mixed
metro.us,reliable
metrotimes.com,reliable
metrowestdailynews.com,reliable
mexiconewsdaily.com,reliable
mg.co.za,mixed
miami.cbslocal.com,reliable
miamiherald.com,reliable
miaminewtimes.com,reliable
miamivalleytoday.com,reliable
mic.com,reliable
middleeasteye.net,reliable
middleeastmonitor.com,mixed
migrationpolicy.org,reliable
military.com,reliable
militarytimes.com,reliable
milliyet.com.tr,mixed
mindbodygreen.com,mixed
mininggazette.com,reliable
minnesota.cbslocal.com,reliable
minnpost.com,reliable
mintpressnews.com,mixed
mirror.co.uk,mixed
mississippitoday.org,reliable
missoulian.com,reliable
mixi.media,unreliable
mlive.com,reliable
mnn.com,reliable
modbee.com,reliable
modernalternativemama.com,mixed
modernhealthcare.com,reliable
modernliberals.com,mixed
mondoweiss.net,unreliable
moneytalksnews.com,reliable
montgomeryadvertiser.com,reliable
monthlyreview.org,reliable
montreal.citynews.ca,reliable
montrealgazette.com,reliable
moonbattery.com,unreliable
moonofalabama.org,mixed
mooresvilletribune.com,reliable
morganton.com,reliable
morningbrew.com,reliable
morningconsult.com,reliable
morningnewsusa.com,unreliable
morningstaronline.co.uk,reliable
motherjones.com,reliable
mothership.sg,mixed
moultrieobserver.com,reliable
mprnews.org,reliable
mrc.org,mixed
msmagazine.com,reliable
msn.com,reliable
msnbc.com,mixed
mtdemocrat.com,reliable
mtstandard.com,reliable
muncievoice.com,mixed
muscatinejournal.com,reliable
muskokaregion.com/bracebridge-on,reliable
mycbs4.com,reliable
mycentraljersey.com,reliable
mychamplainvalley.com,reliable
mydailyfreedom.com,unreliable
mydailyregister.com,reliable
mydailysentinel.com,reliable
mydailytribune.com,reliable
myeasternshoremd.com/qa,reliable
myfox28columbus.com,reliable
myfox8.com,reliable
myfoxzone.com,reliable
myheraldreview.com,reliable
myheraldreview.com/news/willcox,reliable
mynbc15.com,reliable
mynews4.com,reliable
mynewsla.com,reliable
mynorthwest.com,reliable
myrecordjournal.com,reliable
myrgv.com,reliable
mysanantonio.com,reliable
mysuncoast.com,reliable
mytwintiers.com,reliable
mywebtimes.com,reliable
naacp.org,reliable
nacion.com,reliable
nakedcapitalism.com,reliable
napavalleyregister.com,reliable
naplesnews.com,reliable
natall.com,unreliable
nation.africa,mixed
Nation.com.pk,mixed
nationalaffairs.com,reliable
nationalcenter.org,mixed
nationalenquirer.com,unreliable
nationalfile.com,unreliable
nationalinterest.org,reliable
nationaljournal.com,reliable
nationalmemo.com,reliable
nationalnewswatch.com,reliable
nationalobserver.com,reliable
nationalpost.com,reliable
nationalreport.net,unreliable
nationalreview.com,reliable
nationalrighttolifenews.org,unreliable
nationalsecurity.news,unreliable
nationalvanguard.org,unreliable
nationmaster.com,reliable
nationofchange.org,reliable
natmonitor.com,reliable
naturalcures.com,mixed
naturalhealth365.com,unreliable
naturallysavvy.com,mixed
naturalmedicine.news,unreliable
naturalnews.com,unreliable
naturalnewsblogs.com,unreliable
naturalnewsradio.com,unreliable
naturalpedia.com,unreliable
naturalsociety.com,mixed
nature.org,reliable
navytimes.com,reliable
nbc11news.com,reliable
nbc12.com,reliable
nbc15.com,reliable
nbc16.com,reliable
nbc24.com,reliable
nbc25news.com,reliable
nbc29.com,reliable
nbc4i.com,reliable
nbcbayarea.com,reliable
nbcboston.com,reliable
nbcchicago.com,reliable
nbcdfw.com,reliable
nbclosangeles.com,reliable
nbcmiami.com,reliable
nbcnebraskascottsbluff.com,reliable
nbcnews.com,reliable
nbcnewyork.com,reliable
nbcphiladelphia.com,reliable
nbcwashington.com,reliable
nber.org,reliable
nccivitas.org,mixed
ncnewsonline.com,reliable
ncregister.com,mixed
ncsl.org,reliable
ndtv.com,mixed
nebraska.tv,reliable
necn.com,reliable
needtoknow.news,unreliable
neonnettle.com,unreliable
neuronation.com,mixed
newamerica.org,reliable
newarkpostonline.com,reliable
newbernsj.com,reliable
newbostonpost.com,mixed
newcenturytimes.com,unreliable
neweurope.eu,reliable
newideal.aynrand.org,mixed
newleftreview.org,reliable
newmatilda.com,reliable
newmoderate.com,mixed
newnation.org,unreliable
newpol.org,mixed
newrepublic.com,reliable
news.abs-cbn.com,reliable
news.amomama.com,reliable
news.cn,unreliable
news.err.ee,reliable
news.google.com,reliable
news.grabien.com,mixed
news.harvard.edu,reliable
news.mongabay.com,reliable
news.sky.com,reliable
news.trust.org,reliable
news.yahoo.com,reliable
news10.com,reliable
news10.com/fox-23,reliable
news18.com,unreliable
news24.com,reliable
news3lv.com,reliable
news4jax.com,reliable
news4sanantonio.com,reliable
news5cleveland.com,reliable
news8000.com,reliable
news9.com,reliable
newsadvance.com,reliable
newsammo.com,unreliable
newsandsentinel.com,reliable
newsbiscuit.com,unreliable
newsblaze.com,unreliable
newsbreak.com,unreliable
newsbud.com,mixed
newsbusters.org,mixed
newscentermaine.com,reliable
newschannel10.com,reliable
newschannel5.com,reliable
newschannel6now.com,reliable
newschannel9.com,reliable
newschief.com,reliable
newscorpse.com,mixed
newsdaily12.com,unreliable
newsday.com,reliable
newsela.com,reliable
newser.com,reliable
newsexaminer.net,unreliable
newsfactsnetwork.com,reliable
news-gazette.com,reliable
newsguardtech.com,reliable
newsherald.com,reliable
news-herald.com,reliable
newshounds.us,mixed
newsinsideout.com,unreliable
news-journal.com,reliable
newsjustforyou1.blogspot.com,unreliable
news-leader.com,reliable
newslo.com,unreliable
newslookup.com,mixed
newsmax.com,mixed
newsnationnow.com,reliable
newsnow.co.uk,mixed
newsobserver.com,reliable
newson6.com,reliable
newsone.com,reliable
newsoptimist.ca,reliable
newspress.com,mixed
newspressnow.com,reliable
newspunch.com,unreliable
newspushed.com,unreliable
newsrescue.com,unreliable
newstarget.com,unreliable
newstatesman.com,reliable
newstimes.com,reliable
newsvirginian.com,reliable
newswars.com,unreliable
newsweek.com,reliable
newswithviews.com,unreliable
newsy.com,reliable
newyork.cbslocal.com,reliable
newyorker.com,reliable
newzjunky.com,mixed
nextgov.com,reliable
nfrw.org,mixed
ngo-monitor.org,mixed
nhk.or.jp,reliable
nhk.or.jp/nhkworld,reliable
nhregister.com,reliable
niagara-gazette.com,reliable
niemanlab.org,reliable
nine.com.au,reliable
niskanencenter.org,reliable
nj.com,reliable
nj1015.com,reliable
nknews.org,reliable
NNettle.com,unreliable
nola.com,reliable
nolabels.org,reliable
nomorefakenews.com,unreliable
nonpareilonline.com,reliable
noozhawk.com,reliable
noqreport.com,unreliable
norfolkdailynews.com,reliable
northbaynipissing.com/almaguinhighlands-on,reliable
northjersey.com,reliable
norwichbulletin.com,reliable
nos.nl,reliable
noticias-frescas.com,unreliable
notizzia.com,unreliable
notrickszone.com,unreliable
notthebee.com,reliable
novaramedia.com,mixed
novinite.com,reliable
novinky.cz,reliable
nowtheendbegins.com,unreliable
nowthisnews.com,unreliable
nowtoronto.com,reliable
npr.org,reliable
nptelegraph.com,reliable
nraila.org,mixed
nrdc.org,reliable
nrlc.org,unreliable
nst.com.my,reliable
ntd.tv,mixed
ntknetwork.com,mixed
nutrientreference.com,unreliable
nutritionfacts.org,mixed
nvic.org,unreliable
nwahomepage.com,reliable
nwaonline.com,reliable
nwfdailynews.com,reliable
nwitimes.com,reliable
ny1.com,reliable
nydailynews.com,reliable
nymag.com,reliable
nypost.com,mixed
nysun.com,reliable
nytimes.com,reliable
nzherald.co.nz,reliable
oaoa.com,reliable
oathkeepers.org,unreliable
observatorial.com,unreliable
observer.com,reliable
ocala.com,reliable
occupy.com,reliable
occupydemocrats.com,unreliable
occupyyourself.org,mixed
ocregister.com,reliable
ocweekly.com,reliable
offgridsurvival.com,mixed
off-guardian.org,mixed
ohiocapitaljournal.com,reliable
oilprice.com,reliable
okcfox.com,reliable
oklahoman.com,reliable
omaha.com,reliable
oneangrygamer.net,mixed
onegreenplanet.org,mixed
oneindia.com,mixed
onlineathens.com,reliable
onlysimchas.com,unreliable
opednews.com,mixed
opendoorsusa.org,mixed
opensecrets.org,reliable
opensocietyfoundations.org,mixed
openthegovernment.org,reliable
openvaers.com,mixed
opposingviews.com,mixed
opslens.com,mixed
order-order.com,mixed
oregonlive.com,reliable
organicconsumers.org,unreliable
organicfacts.net,mixed
origo.hu,mixed
orlandosentinel.com,reliable
other98.com,unreliable
ottawa.citynews.ca,reliable
ottawacitizen.com,reliable
ottawasun.com,reliable
ourquadcities.com,reliable
ourworldindata.org,reliable
out.com,reliable
outkick.com,mixed
outlook.monmouth.edu,reliable
outsidethebeltway.com,reliable
overpassesforamerica.com,unreliable
oye.news,unreliable
oyez.org,reliable
ozarksfirst.com,reliable
ozy.com,reliable
pacificpundit.com,unreliable
pacificresearch.org,reliable
pahomepage.com,reliable
palestinechronicle.com,reliable
pal-item.com,reliable
palmbeachdailynews.com,reliable
palmbeachpost.com,reliable
palmerreport.com,mixed
pamelageller.com,unreliable
pamplinmedia.com,reliable
panampost.com,reliable
pandemic.news,unreliable
pantagraph.com,reliable
parkrecord.com,reliable
parler.com,unreliable
parrysound.com,reliable
pastemagazine.com,reliable
patch.com,reliable
patheos.com,mixed
patriotfetch.com,unreliable
patrioticmillionaires.org,reliable
patrioticviralnews.com,unreliable
patriotpost.us,mixed
patriotretort.com,mixed
patriots4truth.org,unreliable
pbs.org,reliable
pe.com,reliable
peacock-panache.com,mixed
pekintimes.com,reliable
peninsuladailynews.com,reliable
penncapital-star.com,reliable
pennlive.com,reliable
people.com,reliable
perezhilton.com,unreliable
personalliberty.com,unreliable
pfaw.org,reliable
pgpf.org,reliable
philadelphia.cbslocal.com,reliable
phillytrib.com,reliable
phillyvoice.com,reliable
phl17.com,reliable
phnompenhpost.com,mixed
phoenixnewtimes.com,reliable
photographyisnotacrime.com,reliable
piie.com,reliable
pilotonline.com,reliable
pinknews.co.uk,reliable
pix11.com,reliable
pjmedia.com,mixed
pjstar.com,reliable
placesjournal.org,reliable
pluralist.com,reliable
pnj.com,reliable
poconorecord.com,reliable
pogo.org,reliable
policyed.org,reliable
politicalcritique.org,reliable
politicaldig.com,mixed
politicalflare.com,unreliable
politicalite.com,mixed
PoliticalMayhem.news,unreliable
politicaltribune.org,mixed
politicalwire.com,reliable
politichicks.com,mixed
politico.com,reliable
politicsthatwork.com,reliable
politicususa.com,mixed
politifact.com,reliable
politisite.com,reliable
pollution.news,unreliable
polygon.com,reliable
pontiacdailyleader.com,reliable
pop.org,unreliable
popular.info,reliable
populardemocracy.org,reliable
popularresistance.org,reliable
populationconnection.org,reliable
portsmouth-dailytimes.com,reliable
positive.news,reliable
postandcourier.com,reliable
postbulletin.com,reliable
Postcard.news,unreliable
post-gazette.com,reliable
postindependent.com,reliable
post-journal.com,reliable
postregister.com,reliable
postregister.com/star,reliable
poststar.com,reliable
powdeRedwigsociety.com,unreliable
powerlineblog.com,mixed
poynter.org,reliable
prageru.com,unreliable
pravda.com.ua,reliable
pravdareport.com,unreliable
prepareforchange.net,unreliable
presscalifornia.com,unreliable
press-citizen.com,reliable
pressdemocrat.com,reliable
pressfortruth.ca,mixed
pressherald.com,reliable
pressofatlanticcity.com,reliable
pressprogress.ca,reliable
presstv.com,unreliable
prevention.com,mixed
pri.org,reliable
principia-scientific.org,unreliable
prisonplanet.com,unreliable
private-eye.co.uk,mixed
prnewswire.mediaroom.com,reliable
prntly.com,unreliable
procon.org,reliable
profam.org,unreliable
progressive.org,reliable
projectcensored.org,reliable
project-syndicate.org,reliable
projectveritas.com,unreliable
prophecynewswatch.com,unreliable
prophecytoday.com,unreliable
propublica.org,reliable
prospect.org,reliable
prospectmagazine.co.uk,reliable
protocol.com,reliable
protrumpnews.com,unreliable
providencejournal.com,reliable
prri.org,reliable
prwatch.org,reliable
psmag.com,reliable
publicintegrity.org,reliable
publicinterestlegal.org,mixed
publico.es,reliable
publicpolicypolling.com,reliable
puck.news,reliable
punchbowl.news,reliable
punchingbagpost.com,mixed
punchng.com,mixed
qanon.pub,unreliable
qconline.com,reliable
qctimes.com,reliable
qpolitical.com,unreliable
quadrant.org.au,mixed
queerty.com,reliable
quillette.com,unreliable
qz.com,reliable
rabble.ca,reliable
radiotelevisionmarti.com,mixed
rand.org,reliable
randpaul.news,unreliable
rantt.com,reliable
rapidcityjournal.com,reliable
rappler.com,reliable
rare.us,reliable
rasmussenreports.com,reliable
rationalground.com,unreliable
rationalwiki.org,reliable
ravallirepublic.com,reliable
rawstory.com,mixed
rd.com,mixed
react365.com,unreliable
readersupportednews.org,mixed
readfrontier.org,reliable
readingthepictures.org,reliable
readsludge.com,reliable
reaganwasright.com,unreliable
realcleardefense.com,reliable
realclearinvestigations.com,reliable
realclearmarkets.com,reliable
realclearpolicy.com,reliable
realclearpolitics.com,reliable
realclearreligion.org,reliable
realfarmacy.com,unreliable
realjewnews.com,unreliable
RearFront.com,unreliable
reason.com,reliable
rebelnews.com,mixed
recode.net,reliable
record-eagle.com,reliable
recordherald.com,reliable
recordnet.com,reliable
redalertpolitics.com,mixed
redding.com,reliable
Redflagnews.com,unreliable
redice.tv,unreliable
redorbit.com,mixed
redoubtnews.com,mixed
redpepper.org.uk,reliable
redstate.com,mixed
redstatewatcher.com,unreliable
refinery29.com,reliable
reformedmedia.net,unreliable
regated.com,mixed
registerguard.com,reliable
registerherald.com,reliable
relevantmagazine.com,reliable
religionnews.com,reliable
remnantnewspaper.com,unreliable
renewamerica.com,unreliable
renewedright.com,mixed
rense.com,unreliable
rep-am.com,reliable
reporterherald.com,reliable
reporterslab.org,reliable
reporter-times.com,reliable
represent.us,reliable
repubblica.it,reliable
republicreport.org,reliable
republicworld.com,mixed
rescue.org,reliable
resilience.org,mixed
resourcegovernance.org,reliable
responsibletechnology.org,mixed
returntonow.net,unreliable
reuters.com,reliable
revcom.us,mixed
revealnews.org,reliable
reviewjournal.com,reliable
revolutionradio.org,unreliable
revolver.news,unreliable
rewire.news,reliable
rexburgstandardjournal.com,reliable
rfa.org,reliable
rfangle.com,mixed
rferl.org,reliable
rfi.fr/en,reliable
rgj.com,reliable
ria.ru,unreliable
richmond.com,reliable
rickwells.us,unreliable
ricochet.com,mixed
ridgecrestca.com,reliable
rightandfree.com,mixed
rightsidenews.com,unreliable
rightweb.irc-online.org,reliable
rightwingnews.com,unreliable
rightwingtribune.com,unreliable
rightwingwatch.org,reliable
ripostelaique.com,unreliable
riverbender.com,reliable
riverdalepress.com,reliable
rochesterfirst.com,reliable
rocketcitynow.com,reliable
rocketnews.com,mixed
rodong.rep.kp/en,unreliable
rollcall.com,reliable
rollingstone.com,reliable
ronpaulinstitute.org,mixed
ronpaullibertyreport.com,mixed
rooseveltinstitute.org,reliable
rrstar.com,reliable
rsbnetwork.com,unreliable
rsf.org,reliable
rstreet.org,reliable
rt.com,unreliable
rte.ie,reliable
rudaw.net,unreliable
rumble.com,unreliable
ruptly.tv,unreliable
rushlimbaugh.com,unreliable
russia-insider.com,unreliable
ruthinstitute.org,unreliable
sabah.com.tr,mixed
sacbee.com,reliable
sacramento.cbslocal.com,reliable
salina.com,reliable
salon.com,mixed
sandiegoreader.com,reliable
sandiegouniontribune.com,reliable
sanevax.org,unreliable
sanfrancisco.cbslocal.com,reliable
sanluisobispo.com,reliable
santafenewmexican.com,reliable
santamariatimes.com,reliable
santeplusmag.com,unreliable
sapiens.org,reliable
saudigazette.com.sa,mixed
savannahnow.com,reliable
savejersey.com,reliable
savethemales.ca,unreliable
sayfiereview.com,reliable
sbgi.net,mixed
sbs.com.au,reliable
sbsun.com,reliable
scarymommy.com,mixed
science.news,unreliable
sciencedebate.org,reliable
sciencetimes.com,unreliable
sciencing.com,reliable
scmp.com,mixed
scnow.com,reliable
scoopnest.com,mixed
scoopwhoop.com,mixed
scoperatings.com,reliable
scotsman.com,reliable
scotusblog.com,reliable
scrapetv.com,unreliable
scroll.in,reliable
sctimes.com,reliable
seattle.cbslocal.com,reliable
seattlepi.com,reliable
seattletimes.com,reliable
secondnexus.com,mixed
secureamericanow.org,unreliable
securingdemocracy.gmfus.org,reliable
self.com,reliable
sentencingproject.org,reliable
sentinelksmo.org,reliable
seventeen.com,reliable
sfbayview.com,reliable
sfchronicle.com,reliable
sfexaminer.com,reliable
sfgate.com,reliable
sgtreport.com,unreliable
shadowproof.com,reliable
shafaaq.com,unreliable
shareably.net,mixed
shareblue.com,mixed
shariaunveiled.wordpress.com,unreliable
shoebat.com,unreliable
shondaland.com,reliable
shorenewsnetwork.com,reliable
shorensteincenter.org,reliable
shreveporttimes.com,reliable
shtfplan.com,unreliable
sickchirpse.com,unreliable
sierrasun.com,reliable
silive.com,reliable
simcoe.com/barrie-on,reliable
siouxcityjournal.com,reliable
siouxlandnews.com,reliable
sitsshow.blogspot.com,unreliable
sj-r.com,reliable
skeptiko.com,unreliable
skyhinews.com,reliable
skynews.com.au,mixed
slate.com,reliable
sltrib.com,reliable
Smag31.com,unreliable
smartnews.com,mixed
smh.com.au,reliable
smirkingchimp.com,mixed
smobserved.com,unreliable
snanews.de,unreliable
snopes.com,reliable
snopes.news,unreliable
sociable.co,reliable
socialistworker.org,reliable
sofrep.com,reliable
sojo.net,reliable
somdnews.com/recorder,reliable
sonorannews.com,reliable
sonsoflibertymedia.com,unreliable
sootoday.com,reliable
sott.net,unreliable
sourcewatch.org,reliable
southafricatoday.net,unreliable
southbendtribune.com,reliable
southfront.org,unreliable
space.news,unreliable
spectator.co.uk,reliable
spectator.org,mixed
spectator.us,reliable
spectatorworld.com,reliable
spectrumlocalnews.com/splash,reliable
spectrumnews1.com,reliable
spectrumreport.com,mixed
spiegel.de,reliable
spiked-online.com,mixed
spin.com,reliable
splcenter.org,reliable
splinternews.com,mixed
spokesman.com,reliable
spotlightpa.org,reliable
sputniknews.com,unreliable
srnnews.com,reliable
stamfordadvocate.com,reliable
standaard.be,reliable
standard.co.uk,reliable
standard.net,reliable
standardmedia.co.ke,mixed
standpointmag.co.uk,mixed
staradvertiser.com,reliable
stardem.com,reliable
staresattheworld.com,unreliable
starexponent.com,reliable
starherald.com,reliable
star-telegram.com,reliable
startribune.com,reliable
stateofthenation.co,unreliable
stateofthenation2012.com,unreliable
statepress.com,reliable
statesman.com,reliable
statesmanjournal.com,reliable
statesville.com,reliable
statista.com,reliable
statnews.com,reliable
staugustine.com,reliable
steadfastandloyal.com,mixed
steadfastclash.com,mixed
steamboatpilot.com,reliable
stepfeed.com,mixed
StillnessInTheStorm.com,unreliable
stimson.org,reliable
stltoday.com,reliable
stonecoldtruth.com,unreliable
stopfake.org,reliable
stormfront.org,unreliable
straitstimes.com,reliable
strategic-culture.org,unreliable
strategypage.com,reliable
stratfor.com,reliable
stream.org,mixed
stripes.com,reliable
studentnewsdaily.com,reliable
stuff.co.nz,reliable
summit.news,unreliable
summitdaily.com,reliable
sungazette.com,reliable
sunherald.com,reliable
sunlightfoundation.com,reliable
sun-sentinel.com,reliable
superstation95.com,unreliable
supplementreference.com,unreliable
survivalblog.com,unreliable
sustainablepulse.com,unreliable
swarajyamag.com,unreliable
swissinfo.ch,reliable
swprs.org,mixed
swtimes.com,reliable
swvatoday.com,reliable
syracuse.com,reliable
syriahr.com,reliable
syriana-analysis.com,mixed
syrianews.cc,unreliable
tabletmag.com,reliable
tacticalinvestor.com,unreliable
tahoedailytribune.com,reliable
taipeitimes.com,reliable
taiwannews.com.tw,reliable
takimag.com,unreliable
talkingpointsmemo.com,reliable
talknetwork.com,unreliable
tampa.cbslocal.com,reliable
tampabay.com,reliable
tarbell.org,reliable
taskandpurpose.com,reliable
tasnimnews.com,unreliable
tass.com,unreliable
tatumreport.com,mixed
taxfoundation.org,reliable
taxjustice.net,reliable
taxpayer.com,reliable
taxpolicycenter.org,reliable
tbdailynews.com,unreliable
tcf.org,reliable
tcpalm.com,reliable
tdn.com,reliable
TeaParty.org,unreliable
teapartypatriots.org,unreliable
techcrunch.com,reliable
techdirt.com,reliable
technocracy.news,unreliable
techspot.com,reliable
techstartups.com,unreliable
teenvogue.com,reliable
tehrantimes.com,unreliable
telegraaf.nl,reliable
telegram.com,reliable
telegraph.co.uk,mixed
telesurtv.net,unreliable
tennessean.com,reliable
tennesseestar.com,mixed
tenthamendmentcenter.com,mixed
tetonvalleynews.net,reliable
texasmonthly.com,reliable
texasobserver.org,reliable
texasstandard.org,reliable
texastribune.org,reliable
tfp.org,unreliable
thatsnonsense.com,reliable
theadvertiser.com,reliable
theadvocates.org,reliable
theage.com.au,reliable
thealternativedaily.com,unreliable
theamericanconservative.com,reliable
the-american-interest.com,reliable
theamericanmirror.com,unreliable
theantimedia.com,mixed
theatlantic.com,reliable
theaustralian.com.au,mixed
theautomaticearth.com,unreliable
thebaffler.com,reliable
thebalance.com,reliable
thebeltwayreport.com,unreliable
thebl.com,mixed
theblacksphere.net,unreliable
thebreakingnews.co,unreliable
thebreakthrough.org,reliable
thebulletin.org,reliable
thebulwark.com,reliable
thebureauinvestigates.com,reliable
theburningspear.com,reliable
thecalifornian.com,reliable
thecanadianpress.com,reliable
thecanary.co,reliable
thecentersquare.com,reliable
thechristianleft.org,mixed
thechronicleherald.ca,mixed
thecipherbrief.com,reliable
thecity.nyc,reliable
thecollegefix.com,mixed
thecommonsenseshow.com,unreliable
theconservativebrief.com,unreliable
theconservativeopinion.com,mixed
theconservativetreehouse.com,unreliable
theconversation.com,reliable
thecountersignal.com,mixed
thecut.com,reliable
the-daily.buzz,mixed
thedailybanter.com,mixed
thedailybeast.com,mixed
thedailybell.com,unreliable
thedailysheeple.com,unreliable
thedailystar.com,reliable
thedailyvox.co.za,reliable
theday.com,reliable
thedcpatriot.com,unreliable
thedenverchannel.com,reliable
thedesertreview.com,mixed
thediplomat.com,reliable
thedispatch.com,reliable
thedodo.com,mixed
theduran.com,unreliable
theeagle.com,reliable
theepochtimes.com,mixed
theeventchronicle.com,unreliable
thefederalist.com,mixed
thefederalistpapers.org,unreliable
thefencepost.com,reliable
thefifthcolumnnews.com,mixed
thefirsttv.com,mixed
thefiscaltimes.com,reliable
theflipside.io,reliable
thefreedomtimes.com,unreliable
thefreethoughtproject.com,unreliable
thefrisky.com,reliable
thefulcrum.us,reliable
thefullertoninformer.com,unreliable
thegailygrind.com,mixed
thegardenisland.com,reliable
thegatewaypundit.com,unreliable
thegazette.com,reliable
thegleaner.com,reliable
theglobeandmail.com,reliable
thegrayzone.com,unreliable
thegreggjarrett.com,mixed
thegrio.com,reliable
theguardian.com,mixed
theguardian.com/observer,mixed
thehawkeye.com,reliable
thehayride.com,mixed
thehealthyamerican.org,unreliable
theheartysoul.com,mixed
thehighwire.com,unreliable
thehill.com,reliable
thehindubusinessline.com,mixed
thehornnews.com,unreliable
thehumanist.com,reliable
theihs.org,reliable
theimproper.com,reliable
theindependent.com,reliable
theintercept.com,reliable
theinternationalreporter.org,unreliable
theitem.com,reliable
thejakartapost.com,reliable
the-japan-news.com,reliable
thejeffreylord.com,mixed
thejournal.ie,reliable
thelastamericanvagabond.com,unreliable
theledger.com,reliable
thelibertarianrepublic.com,reliable
thelibertybeacon.com,unreliable
thelibertydaily.com,unreliable
thelibertyloft.com,mixed
thelily.com,reliable
thelist.com,mixed
thelocal.no,reliable
thelondoneconomic.com,reliable
them.us,reliable
themarshallproject.org,reliable
themarysue.com,mixed
themaven.net,mixed
themilitant.com,mixed
themillenniumreport.com,unreliable
themindunleashed.com,unreliable
themindunleashed.org,unreliable
theminnesotasun.com,mixed
themoderatevoice.com,reliable
themonitor.com,reliable
themonthly.com.au,reliable
themoscowtimes.com,reliable
thenation.com,reliable
thenational.ae,unreliable
thenationaldesk.com,reliable
thenationalherald.com,mixed
thenationalpatriot.com,unreliable
thenationalpulse.com,unreliable
thenevadaindependent.com,reliable
thenewamerican.com,mixed
thenewatlantis.com,reliable
thenewcivilrightsmovement.com,mixed
thenewhumanitarian.org,reliable
thenews.com.pk,mixed
thenews.mx,reliable
thenewsliteracyproject.org,reliable
thenewstribune.com,reliable
thenewtropic.com,reliable
thenextweb.com,reliable
theobjectivestandard.com,reliable
theodysseyonline.com,mixed
theohiostar.com,mixed
theolympian.com,reliable
ThePoliticalInsider.com,unreliable
thepolitics.online,unreliable
thepostemail.com,unreliable
thepostmillennial.com,mixed
thepublicdiscourse.com,unreliable
thepulse.one,unreliable
thequint.com,reliable
therealnews.com,reliable
theredelephants.com,unreliable
theregister.com,reliable
thereligionofpeace.com,unreliable
therepublic.com,reliable
therightscoop.com,mixed
therightstuff.biz,unreliable
theringer.com,reliable
TheRooster.com,unreliable
theroot.com,reliable
therundownlive.com,unreliable
thesaturdaypaper.com.au,reliable
thescinewsreporter.com,unreliable
thescoop.us,unreliable
theskimm.com,reliable
TheSmokersClub.com,unreliable
thesmokinggun.com,reliable
thesouthern.com,reliable
thespec.com,reliable
thespec.com/local-ancaster,reliable
thespec.com/local-dundas,reliable
thespectator.info,unreliable
thestar.com,reliable
thestar.com.my,mixed
thestar.com/local-east-gwillimbury,reliable
thestar.com/local-milton,reliable
thestarphoenix.com,reliable
thestarpress.com,reliable
thestate.com,reliable
thestranger.com,reliable
thestrategybridge.org,reliable
thestreet.com,reliable
thesun.co.uk,mixed
the-sun.com,mixed
thesunmagazine.org,reliable
thetab.com,reliable
thetandd.com,reliable
thetexan.news,reliable
thetimes.co.uk,reliable
thetimesherald.com,reliable
thetowntalk.com,reliable
thetrace.org,reliable
thetruedefender.com,unreliable
thetruereporter.com,unreliable
thetrumpet.com,mixed
thetrumpmedia.com,unreliable
thetruthaboutcancer.com,unreliable
thetruthaboutguns.com,reliable
thetruthseeker.co.uk,unreliable
thetruthvoice.net,unreliable
thetyee.ca,reliable
theunion.com,reliable
theunion.com/news/twi,reliable
theunionjournal.com,unreliable
thevaccinereaction.org,unreliable
thevarsity.ca,reliable
theverge.com,reliable
thewalrus.ca,reliable
thewashingtonstandard.com,unreliable
theweek.co.uk,reliable
theweek.com,reliable
thewest.com.au,reliable
thewire.in,reliable
theworld.org,reliable
thewrap.com,mixed
thinkamericana.com,unreliable
thinkinghumanity.com,mixed
thinkprogress.org,mixed
thirdway.org,reliable
this.org,reliable
thisisthezerohour.com,reliable
thoughtcatalog.com,mixed
thoughtco.com,reliable
thoughtcrimeradio.net,unreliable
thrillist.com,reliable
thriveglobal.com,mixed
thrivemovement.com,unreliable
time.com,reliable
timescolonist.com,reliable
timesenterprise.com,reliable
timesfreepress.com,reliable
timesgazette.com,reliable
timeslive.co.za,reliable
timesofindia.indiatimes.com,mixed
timesofisrael.com,reliable
timesofsandiego.com,reliable
timesrepublican.com,reliable
times-standard.com,reliable
timesunion.com,reliable
tmnews.com,reliable
tmz.com,mixed
tnc.news,mixed
tnonline.com,reliable
today.com,reliable
todayifoundout.com,reliable
toddstarnes.com,unreliable
toledoblade.com,reliable
tomdispatch.com,reliable
toofab.com,mixed
toprightnews.com,unreliable
toronto.citynews.ca,reliable
torontosun.com,reliable
tovima.gr,mixed
towleroad.com,reliable
townhall.com,unreliable
tpusa.com,unreliable
transequality.org,reliable
transparency.org,reliable
transparentcalifornia.com,reliable
treason.news,unreliable
treehugger.com,reliable
trendingviews.co,mixed
trialsitenews.com,mixed
trib.com,reliable
triblive.com,reliable
tribtown.com,reliable
tribunecontentagency.com,reliable
tribunist.com,reliable
tribunnews.com,mixed
tri-cityherald.com,reliable
tristatehomepage.com,reliable
trofire.com,mixed
trtworld.com,mixed
trueactivist.com,unreliable
truepundit.com,unreliable
trump.news,unreliable
trumptrainnews.com,unreliable
trunews.com,unreliable
truth11.com,unreliable
truthandaction.org,unreliable
truthbasedmedia.com,unreliable
truthdig.com,reliable
truthexam.com,unreliable
truthfeed.com,unreliable
truthinmedia.com,unreliable
truthorfiction.com,reliable
truthout.org,mixed
truththeory.com,reliable
truthuncensoRed.net,unreliable
tucson.com,reliable
tulsaworld.com,reliable
turnto10.com,reliable
turnto23.com,reliable
tuscaloosanews.com,reliable
tut.by,reliable
tvw.org,reliable
twincities.com,reliable
twisted.news,unreliable
twitchy.com,mixed
typemediacenter.org,reliable
tytnetwork.com,mixed
uawire.org,mixed
ucsusa.org,reliable
uft.org,reliable
ukcolumn.org,unreliable
unclesamsmisguidedchildren.com,unreliable
uncoverdc.com,unreliable
undark.org,reliable
understandingthethreat.com,unreliable
unicornriot.ninja,reliable
unionleader.com,reliable
unionrecorder.com,reliable
unitynewsnetwork.co.uk,reliable
universitybusiness.com,reliable
unwatch.org,reliable
unz.com,unreliable
updateamerica.com,mixed
upi.com,reliable
upnorthlive.com,reliable
uppermichiganssource.com,reliable
upr.org,reliable
uproxx.com,mixed
upworthy.com,reliable
urban.org,reliable
us.blastingnews.com,reliable
us24news.com,unreliable
usafacts.org,reliable
usahitman.com,unreliable
usanewsflash.com,unreliable
usareally.com,unreliable
usaspending.gov,reliable
usasupreme.com,unreliable
usatoday.com,reliable
usawatchdog.com,unreliable
uscourts.gov,reliable
usnews.com,reliable
ussanews.com,unreliable
usuncut.com,unreliable
uticaod.com,reliable
vaccineimpact.com,unreliable
vaccinepapers.org,unreliable
vaccines.news,unreliable
vaccinesrevealed.com,unreliable
vactruth.com,unreliable
vaildaily.com,reliable
valleycentral.com,reliable
valleynewslive.com,reliable
valuewalk.com,reliable
vancouver.citynews.ca,reliable
vancouversun.com,reliable
vanityfair.com,reliable
variety.com,reliable
vaxxter.com,unreliable
vcstar.com,reliable
vdare.com,unreliable
verafiles.org,reliable
verifythis.com,reliable
veteranstoday.com,unreliable
vibe.com,mixed
vice.com,reliable
victoriaadvocate.com,reliable
victoriabuzz.com,reliable
vidmax.com,unreliable
vigilantcitizen.com,unreliable
villages-news.com,reliable
villagevoice.com,reliable
vindy.com,reliable
viralthread.com,mixed
virginiamercury.com,reliable
visaliatimesdelta.com,reliable
vladtv.com,mixed
voanews.com,reliable
voiceofeurope.com,unreliable
voiceofsandiego.org,reliable
voice-online.co.uk,reliable
volkskrant.nl,reliable
vosizneias.com,mixed
votefraud.news,unreliable
votesmart.org,reliable
votevets.org,mixed
vox.com,reliable
vtdigger.org,reliable
vulture.com,reliable
vvdailypress.com,reliable
waaytv.com,reliable
wabi.tv,reliable
wach.com,reliable
wacotrib.com,reliable
wafb.com,reliable
waff.com,reliable
wagmtv.com,reliable
wahoo-ashland-waverly.com,reliable
wakingtimes.com,unreliable
walb.com,reliable
walesonline.co.uk,reliable
wallbuilders.com,unreliable
wallstreetonparade.com,reliable
wamu.org,reliable
wane.com,reliable
wapt.com,reliable
waronfakes.com,unreliable
warontherocks.com,reliable
washingtonbabylon.com,reliable
washingtonblade.com,reliable
washingtonexaminer.com,mixed
washingtonian.com,reliable
washingtoninstitute.org,mixed
washingtonmonthly.com,reliable
washingtonpost.com,reliable
washingtonpress.com,mixed
washingtonsources.org,mixed
washingtonspectator.org,reliable
washingtontimes.com,unreliable
wate.com,reliable
wattsupwiththat.com,unreliable
wave3.com,reliable
wavy.com,reliable
waynedupree.com,unreliable
wbaltv.com,reliable
wbay.com,reliable
wbir.com,reliable
wbko.com,reliable
wbng.com,reliable
wbrc.com,reliable
wbtv.com,reliable
wbtw.com,reliable
wcax.com,reliable
wcfcourier.com,reliable
wchstv.com,reliable
wcia.com,reliable
wcjb.com,reliable
wcnc.com,reliable
wcpo.com,reliable
wcti12.com,reliable
wctrib.com,reliable
wctv.tv,reliable
wcvb.com,reliable
wcyb.com,reliable
wdam.com,reliable
wdbj7.com,reliable
wdio.com,reliable
wdsu.com,reliable
wdtn.com,reliable
wdtv.com,reliable
wearecentralpa.com,reliable
wearechange.org,mixed
wearegreenbay.com,reliable
weareiowa.com,reliable
wearethemighty.com,reliable
weartv.com,reliable
wearyourvoicemag.com,reliable
weaselzippers.us,mixed
weau.com,reliable
wect.com,reliable
weeklystandard.com,reliable
weforum.org,reliable
wehuntedthemammoth.com,reliable
weibo.com,mixed
welt.de,reliable
weny.com,reliable
wesh.com,reliable
westernjournal.com,unreliable
westernmassnews.com,reliable
westernstandard.news,mixed
westhawaiitoday.com,reliable
westmonster.com,mixed
westonaprice.org,unreliable
westword.com,reliable
wevv.com,reliable
wfft.com,reliable
wfla.com,reliable
wflx.com,reliable
wfmynews2.com,reliable
wfmz.com,reliable
wftv.com,reliable
wfxl.com,reliable
wfxrtv.com,reliable
wgal.com,reliable
wgme.com,reliable
wgno.com,reliable
wgntv.com,reliable
wgxa.tv,reliable
whas11.com,reliable
whatculture.com,reliable
whatdoesitmean.com,unreliable
whatfinger.com,mixed
whatreallyhappened.com,unreliable
whatstheharm.net,mixed
whatsupic.com,unreliable
whec.com,reliable
whio.com,reliable
whistleblower.org,reliable
whitehouse.gov,reliable
whitehouse.news,unreliable
whnt.com,reliable
who13.com,reliable
whowhatwhy.org,mixed
whsv.com,reliable
WhyDontYouTryThis.com,unreliable
wibw.com,reliable
wifr.com,reliable
wikiislam.net,mixed
wikileaks.org,mixed
wikipedia.org,mixed
wikispooks.com,mixed
wilderness.org,reliable
wilsoncenter.org,reliable
wilx.com,reliable
winchesterstar.com,reliable
windsorstar.com,reliable
wingsoverscotland.com,mixed
winknews.com,reliable
winnipeg.citynews.ca,reliable
winnipegfreepress.com,reliable
winonadailynews.com,reliable
wionews.com,mixed
wired.com,reliable
wishtv.com,reliable
wisn.com,reliable
wistv.com,reliable
witn.com,reliable
wivb.com,reliable
wjactv.com,reliable
wjcl.com,reliable
wjhg.com,reliable
wjhl.com,reliable
wjla.com,reliable
wjtv.com,reliable
wkbw.com,reliable
wkrg.com,reliable
wkrn.com,reliable
wkyc.com,reliable
wkyt.com,reliable
wlbt.com,reliable
wlfi.com,reliable
wlky.com,reliable
wlos.com,reliable
wlox.com,reliable
wltx.com,reliable
wlwt.com,reliable
wmar2news.com,reliable
wmur.com,reliable
wn.com,reliable
wnct.com,reliable
wnd.com,unreliable
wndu.com,reliable
wnem.com,reliable
wnep.com,reliable
wnewsj.com,reliable
wnyc.org,reliable
wokesloth.com,unreliable
womenarehuman.com,unreliable
wonkette.com,mixed
woodtv.com,reliable
workers.org,mixed
world.wng.org,mixed
worldaffairsbrief.com,unreliable
worldcantwait.net,mixed
worldcouncilforhealth.org,unreliable
worldcrunch.com,reliable
worlddoctorsalliance.com,unreliable
worldhealth.net,unreliable
worldlifestyle.com,unreliable
worldnewsdailyreport.com,unreliable
worldometers.info,reliable
worldpolicy.org,reliable
worldpoliticsreview.com,reliable
worldpopulationreview.com,reliable
worldpress.org,reliable
worldsocialism.org,mixed
worldstarhiphop.com,unreliable
worldtribune.com,unreliable
worldtruth.tv,unreliable
worldviewweekend.com,unreliable
wowktv.com,reliable
wowt.com,reliable
wpde.com,reliable
wpri.com,reliable
wpta21.com,reliable
wpxi.com,reliable
wral.com,reliable
wrdw.com,reliable
wreg.com,reliable
wri.org,reliable
wric.com,reliable
wsav.com,reliable
wsaw.com,reliable
wsaz.com,reliable
wsbt.com,reliable
wsbtv.com,reliable
wset.com,reliable
wsfa.com,reliable
wsj.com,reliable
wsls.com,reliable
wsmv.com,reliable
wsoctv.com,reliable
wspa.com,reliable
wsvn.com,reliable
wsws.org,reliable
wtae.com,reliable
wtap.com,reliable
wthitv.com,reliable
wthr.com,reliable
wtnh.com,reliable
wtok.com,reliable
wtol.com,reliable
wtop.com,reliable
wtov9.com,reliable
wtsp.com,reliable
wtva.com,reliable
wtvm.com,reliable
wtvy.com,reliable
wusa9.com,reliable
wvah.com,reliable
wvgazettemail.com,reliable
wvlt.tv,reliable
wvpublic.org,reliable
wvva.com,reliable
wwltv.com,reliable
wwmt.com,reliable
wwnytv.com,reliable
www1.cbn.com,mixed
wymt.com,reliable
wyomingnewsnow.tv,reliable
wzzm13.com,reliable
x22report.com,unreliable
xeniagazette.com,reliable
xinhuanet.com,unreliable
yaf.org,mixed
yaleglobal.yale.edu,reliable
yaliberty.org,unreliable
yankeeinstitute.org,reliable
ydr.com,reliable
yellowhammernews.com,reliable
yesimright.com,unreliable
yesmagazine.org,reliable
ynetnews.com,reliable
yomiuri.co.jp,reliable
yorkdispatch.com,reliable
yorknewstimes.com,reliable
yorkregion.com/aurora-on,reliable
youm7.com,mixed
youngcons.com,mixed
yourblackworld.net,mixed
yourcentralvalley.com,reliable
yournews.com,mixed
yournewsnet.com,reliable
yournewswire.com,unreliable
yoursun.com,reliable
yoursun.com/englewood,reliable
yoursun.com/northport,reliable
yoursun.com/puntagorda,reliable
yoursun.com/venice,reliable
youthradio.org,reliable
youthrights.org,reliable
youtube.com/nextnewsnetwork,unreliable
z3news.com,unreliable
zcomm.org,reliable
zdf.de,reliable
zdnet.com,reliable
zebrafactcheck.com,reliable
zeit.de,reliable
zerohedge.com,unreliable
,
actualite.co,unreliable
actualites.co,unreliable
americanjournalreview.com,unreliable
anews-24.com,unreliable
angrypatriotmovement.com,unreliable
associatedmediacoverage.com,unreliable
bizstandardnews.com,unreliable
burrardstreetjournal.com,unreliable
butthatsnoneofmybusiness.com,unreliable
celebtricity.com,unreliable
channel22news.com,unreliable
channel34news.com,unreliable
christiantimesnewspaper.com,unreliable
civictribune.com,unreliable
cnn.com.de,unreliable
consciouslyenlightened.com,unreliable
dailynewsposts.info,unreliable
dailyoccupation.com,unreliable
dailypresser.com,unreliable
denverguardian.com,unreliable
departed.co,unreliable
donaldtrumpnews.co,unreliable
empireherald.com,unreliable
everynewshere.com,unreliable
federalisttribune.com,unreliable
flashinfo.org,unreliable
greenvillegazette.com,unreliable
guerillanews.com,unreliable
km8news.com,unreliable
libertywritersnews.com,unreliable
localnews33.com,unreliable
mckenziepost.com,unreliable
msfanpage.link,unreliable
nbc.com.co,unreliable
ncscooper.com,unreliable
newsdaily27.com,unreliable
newswatch33.com,unreliable
notallowedto.com,unreliable
now8news.com,unreliable
nymeta.co,unreliable
onepoliticalplaza.com,unreliable
politicops.com,unreliable
pressunion.org,unreliable
realnewsrightnow.com,unreliable
stuppid.com,unreliable
tdnewswire.com,unreliable
the-postillon.com,unreliable
theinternetpost.net,unreliable
thelastlineofdefense.org,unreliable
thenet24h.com,unreliable
thenewsnerd.com,unreliable
thenochill.com,unreliable
theracketreport.com,unreliable
thevalleyreport.com,unreliable
tmzworldnews.com,unreliable
truthkings.com,unreliable
undergroundnewsreport.com,unreliable
usa-radio.com,unreliable
usapoliticsnow.com,unreliable
usapoliticstoday.com,unreliable
usherald.com,unreliable
vesselnews.io,unreliable
viralcocaine.com,unreliable
washingtonfeed.com,unreliable
witscience.org,unreliable
worldnewspolitics.com,unreliable
worldpoliticus.com,unreliable
americannews.com,unreliable
americantoday.news,unreliable
conservativeoutfitters.com,unreliable
fury.news,unreliable
getoffthebs.com,unreliable
sourceplanet.net,unreliable
thefreepatriot.org,unreliable
tmn.today,unreliable
uschronicle.com,unreliable
viralliberty.com,unreliable
proudcons.com,unreliable
therealstrategy.com,unreliable
breakingnews247.net,unreliable
breakingnews365.net,unreliable
channel24news.com,unreliable
channel46news.com,unreliable
cnn-internationaledition.com,unreliable
freewoodpost.com,unreliable
journaldemourreal.com,unreliable
unitednews.org,unreliable
Conservative101.com,unreliable
DailyBuzzLive.com,unreliable
LearnProgress.org,unreliable
NewsOfTrump.com,unreliable
PatriotCrier.com,unreliable
PuppetStringNews.com,unreliable
ReflectionofMind.org,unreliable
TheNationalMarijuanaNews.com,unreliable
ThirdEstateNewsGroup.com,unreliable
yc.news,unreliable
wethepeopledaily.com,unreliable
thewashingtonpundit.com,unreliable
bloodandsoil.org,unreliable
uslibertywire.com,unreliable
usbacklash.org,unreliable
uniteamericafirst.com,unreliable
trueviralnews.com,unreliable
tplnews.com,unreliable
thewashingtonsentinel.com,unreliable
digifection.com,unreliable
eng.majalla.com,unreliable
thelibertyeagle.com,unreliable
thelaughclub.net,unreliable
dailyboulder.com,unreliable
thebeardedpatriot.com,unreliable
swampdrain.com,unreliable
sonsof1776.com,unreliable
republicandaily.net,unreliable
redbluedivide.com,unreliable
realconservativesunite.com,unreliable
rawconservativeopinions.com,unreliable
politicsonline.net,unreliable
outragedpatriot.com,unreliable
newsready.com,unreliable
nationalpolicy.institute,unreliable
msmlies.com,unreliable
magadailyreport.com,unreliable
libertybell.com,unreliable
leftaction.com,unreliable
lancastercourier.com,unreliable
ihypocrite.net,unreliable
gucmakale.com,unreliable
thegoodlordabove.com,unreliable
freedomnewsreport.com,unreliable
femalista.com,unreliable
federalistpress.com,unreliable
fashthenation.com,unreliable
explainlife.com,unreliable
deplorablekel.com,unreliable
deepleftfield.info,unreliable
dcbluedot.com,unreliable
conservative-headlines.org,unreliable
conservativebeaver.com,unreliable
conservativeammo.com,unreliable
cap-news.com,unreliable
breakingfirst.com,unreliable
archaeology-world.com,unreliable
americantruthtoday.com,unreliable
americanpeopledaily.com,unreliable
2020conservative.com,unreliable
secondamendmentdaily.com,unreliable
act.tv,reliable
aidc.org.za,reliable
blackmainstreet.net,reliable
deepsouthvoice.com,mixed
democracyguardian.com,reliable
theguardiansofdemocracy.com,mixed
inequalitymedia.org,reliable
latest.com,mixed
liberalamerica.life,mixed
north99.org,mixed
politizoom.com,mixed
sourcepolitics.com,mixed
stpete4peace.org,mixed
blue-route.org,reliable
democratichub.com,mixed
dworkinreport.com,mixed
thefloridasqueeze.com,mixed
theintellectualist.co,mixed
thelasource.com,reliable
whitehousewatch.com,mixed
albertaviews.ca,reliable
atlanticmedia.com,reliable
investigaterussia.org,reliable
exposingtruth.com,reliable
helvidius.org,reliable
mediafiledc.com,reliable
newsaegis.com,reliable
thebipartisanpress.com,reliable
thecitizen.org.au,reliable
thehilltalk.com,reliable
timesheadline.com,mixed
truthbetold.news,reliable
avenuenews.com,reliable
clarindaherald.com,reliable
cctimesdemocrat.com,reliable
dccircuitbreaker.org,reliable
dbrnews.com,reliable
factwire.org,reliable
sun-courier.com,reliable
icitizen.com,reliable
klax-tv.com,reliable
flippinonline.com,reliable
theneed2know.com,reliable
newsandnews.com,reliable
northkoreatimes.com,reliable
northtamatelegraph.com,reliable
openmindmag.org,reliable
valleynewstoday.com,reliable
simplepolitics.co.uk,reliable
tamatoledonews.com,reliable
raleighcw.com,reliable
beavercreeknewscurrent.com,reliable
faithfamilyamerica.com,reliable
fcnews.org,reliable
foxkansas.com,reliable
kbsi23.com,reliable
kdsm17.com,reliable
foxnebraska.com,reliable
nowentertainment.net,reliable
remingtonresearchgroup.com,reliable
tharawat-magazine.com,reliable
wpgh53.com,reliable
foxrichmond.com,reliable
foxchattanooga.com,reliable
wtwc40.com,reliable
foxrochester.com,reliable
wutv29.com,reliable
abc45.com,reliable
albertapressleader.ca,mixed
a1apac.org,mixed
americanjournaldaily.com,mixed
christiannewsalerts.com,mixed
colddeadhands.us,mixed
thedailyliberator.com,mixed
dcstatesman.com,mixed
greatamericanpolitics.com,mixed
loneconservative.com,mixed
mediacircus.com,mixed
pantsonfirenews.com,unreliable
patriotnewsalerts.com,mixed
populistwire.com,mixed
starpolitical.com,mixed
steadfastdaily.com,mixed
dc-chronicle.com,mixed
theleoterrell.com,mixed
valuetainment.com,mixed
369news.net,mixed
acallforanuprising.com,unreliable
allianceforadvancedhealth.com,mixed
altermedzentrum.com,unreliable
americandigitalnews.com,mixed
anewspost.com,mixed
anyavien.com,unreliable
askingangels.com,unreliable
biodefense.com,unreliable
chlorellafactor.com,unreliable
healthandmoneynews.wordpress.com,unreliable
homeopathyjournal.net,mixed
irishsentinel.com,unreliable
jedanews.com,unreliable
libertyplanets.com,unreliable
medicalcensorship.com,unreliable
naturalawakeningsmag.com,mixed
online-updates.net,mixed
pdmj.org,unreliable
realnews24.com,unreliable
redpillpodcasts.com,unreliable
sciencevibe.com,mixed
thepuristonline.com,unreliable
vermontindependent.org,unreliable
24jours.com,unreliable
americanlibertyreport.com,unreliable
beachbroadcastnews.com,unreliable
c19regn.com,mixed
dupagepolicyjournal.com,mixed
eastcentralreporter.com,mixed
fireboebert.com,mixed
gopdailybrief.com,mixed
kankakeetimes.com,mixed
knightstemplarinternational.com,unreliable
mchenrytimes.com,mixed
mcleancountytimes.com,mixed
metroeastsun.com,mixed
newsview.gr,unreliable
northcooknews.com,mixed
patriotjournal.org,mixed
prairiestatewire.com,mixed
sangamonsun.com,mixed
seillinoisnews.com,mixed
southcooknews.com,mixed
southpalmbeachtoday.com,mixed
swillinoisnews.com,mixed
thepatriotnation.net,unreliable
theproudliberal.org,mixed
theragingpatriot.org,unreliable
vancouvertimes.org,mixed
westcentralreporter.com,mixed
westcooknews.com,mixed
willcountygazette.com,mixed
worldgreynews.com,unreliable